/*M!999999\- enable the sandbox mode */ 
-- MariaDB dump 10.19-11.8.6-MariaDB, for debian-linux-gnu (aarch64)
--
-- Host: localhost    Database: crypto_bot
-- ------------------------------------------------------
-- Server version	11.8.6-MariaDB-ubu2404

/*!40101 SET @OLD_CHARACTER_SET_CLIENT=@@CHARACTER_SET_CLIENT */;
/*!40101 SET @OLD_CHARACTER_SET_RESULTS=@@CHARACTER_SET_RESULTS */;
/*!40101 SET @OLD_COLLATION_CONNECTION=@@COLLATION_CONNECTION */;
/*!40101 SET NAMES utf8mb4 */;
/*!40103 SET @OLD_TIME_ZONE=@@TIME_ZONE */;
/*!40103 SET TIME_ZONE='+00:00' */;
/*!40014 SET @OLD_UNIQUE_CHECKS=@@UNIQUE_CHECKS, UNIQUE_CHECKS=0 */;
/*!40014 SET @OLD_FOREIGN_KEY_CHECKS=@@FOREIGN_KEY_CHECKS, FOREIGN_KEY_CHECKS=0 */;
/*!40101 SET @OLD_SQL_MODE=@@SQL_MODE, SQL_MODE='NO_AUTO_VALUE_ON_ZERO' */;
/*M!100616 SET @OLD_NOTE_VERBOSITY=@@NOTE_VERBOSITY, NOTE_VERBOSITY=0 */;

--
-- Table structure for table `bot_settings`
--

DROP TABLE IF EXISTS `bot_settings`;
/*!40101 SET @saved_cs_client     = @@character_set_client */;
/*!40101 SET character_set_client = utf8mb4 */;
CREATE TABLE `bot_settings` (
  `id` bigint(20) unsigned NOT NULL AUTO_INCREMENT,
  `key` varchar(255) NOT NULL,
  `value` text DEFAULT NULL,
  `type` varchar(255) NOT NULL DEFAULT 'string',
  `created_at` timestamp NULL DEFAULT NULL,
  `updated_at` timestamp NULL DEFAULT NULL,
  PRIMARY KEY (`id`),
  UNIQUE KEY `bot_settings_key_unique` (`key`)
) ENGINE=InnoDB AUTO_INCREMENT=15 DEFAULT CHARSET=utf8mb4 COLLATE=utf8mb4_unicode_ci;
/*!40101 SET character_set_client = @saved_cs_client */;

--
-- Dumping data for table `bot_settings`
--

SET @OLD_AUTOCOMMIT=@@AUTOCOMMIT, @@AUTOCOMMIT=0;
LOCK TABLES `bot_settings` WRITE;
/*!40000 ALTER TABLE `bot_settings` DISABLE KEYS */;
INSERT INTO `bot_settings` VALUES
(1,'starting_balance','1000','float','2026-05-01 06:46:41','2026-05-06 06:04:22'),
(2,'leverage','10','int','2026-05-01 07:02:01','2026-05-01 07:02:01'),
(3,'strategy.short_scalp.trailing_tp_enabled','1','bool','2026-05-02 14:10:16','2026-05-02 14:10:16'),
(4,'strategy.short_scalp.trailing_tp_arm_pct','1','float','2026-05-02 14:10:16','2026-05-02 14:10:16'),
(5,'strategy.short_scalp.trailing_tp_trail_pct','0.5','float','2026-05-02 14:10:16','2026-05-02 14:10:16'),
(6,'strategy.short_scalp.partial_tp_trigger_pct','0','float','2026-05-02 14:10:16','2026-05-02 14:10:16'),
(7,'strategy.short_scalp.strict_downtrend_enabled','','bool','2026-05-02 14:10:16','2026-05-02 14:10:16'),
(8,'strategy.short_scalp.atr_sl_enabled','','bool','2026-05-02 14:10:16','2026-05-02 14:10:16'),
(9,'strategy.short_scalp.stop_loss_pct','2.5','float','2026-05-02 14:10:16','2026-05-02 14:10:16'),
(10,'strategy.short_scalp.max_hold_minutes','480','int','2026-05-02 14:10:16','2026-05-02 14:10:16'),
(12,'strategy.long_continuation.enabled','1','bool','2026-05-06 04:37:31','2026-05-06 04:37:31'),
(13,'trading_paused','','bool','2026-05-07 13:09:57','2026-05-07 13:25:32'),
(14,'strategy.short_scalp.scan_interval','60','int','2026-05-07 16:30:28','2026-05-07 16:30:28');
/*!40000 ALTER TABLE `bot_settings` ENABLE KEYS */;
UNLOCK TABLES;
COMMIT;
SET AUTOCOMMIT=@OLD_AUTOCOMMIT;

--
-- Table structure for table `positions`
--

DROP TABLE IF EXISTS `positions`;
/*!40101 SET @saved_cs_client     = @@character_set_client */;
/*!40101 SET character_set_client = utf8mb4 */;
CREATE TABLE `positions` (
  `id` bigint(20) unsigned NOT NULL AUTO_INCREMENT,
  `symbol` varchar(255) NOT NULL,
  `side` varchar(255) NOT NULL DEFAULT 'SHORT',
  `strategy_key` varchar(64) DEFAULT NULL,
  `entry_price` decimal(20,8) NOT NULL,
  `quantity` decimal(20,8) NOT NULL,
  `position_size_usdt` decimal(20,4) NOT NULL,
  `stop_loss_price` decimal(20,8) DEFAULT NULL,
  `take_profit_price` decimal(20,8) DEFAULT NULL,
  `current_price` decimal(20,8) DEFAULT NULL,
  `unrealized_pnl` decimal(20,4) DEFAULT NULL,
  `leverage` int(11) NOT NULL DEFAULT 5,
  `status` varchar(255) NOT NULL DEFAULT 'open',
  `error_message` text DEFAULT NULL,
  `exchange_order_id` varchar(255) DEFAULT NULL,
  `sl_order_id` varchar(255) DEFAULT NULL,
  `tp_order_id` varchar(255) DEFAULT NULL,
  `partial_tp_taken` tinyint(1) NOT NULL DEFAULT 0,
  `trailing_tp_armed` tinyint(1) NOT NULL DEFAULT 0,
  `trailing_extreme_price` decimal(25,12) DEFAULT NULL,
  `total_entry_fee` decimal(20,8) DEFAULT NULL,
  `funding_fee` decimal(20,8) NOT NULL DEFAULT 0.00000000,
  `last_funding_at` timestamp NULL DEFAULT NULL,
  `is_dry_run` tinyint(1) NOT NULL DEFAULT 1,
  `opened_at` timestamp NOT NULL,
  `expires_at` timestamp NULL DEFAULT NULL,
  `created_at` timestamp NULL DEFAULT NULL,
  `updated_at` timestamp NULL DEFAULT NULL,
  PRIMARY KEY (`id`),
  KEY `positions_symbol_status_index` (`symbol`,`status`),
  KEY `positions_status_index` (`status`),
  KEY `positions_strategy_status_idx` (`strategy_key`,`status`)
) ENGINE=InnoDB AUTO_INCREMENT=47 DEFAULT CHARSET=utf8mb4 COLLATE=utf8mb4_unicode_ci;
/*!40101 SET character_set_client = @saved_cs_client */;

--
-- Dumping data for table `positions`
--

SET @OLD_AUTOCOMMIT=@@AUTOCOMMIT, @@AUTOCOMMIT=0;
LOCK TABLES `positions` WRITE;
/*!40000 ALTER TABLE `positions` DISABLE KEYS */;
INSERT INTO `positions` VALUES
(1,'NAORISUSDT','SHORT','short_scalp',0.13929393,7179.00000000,1000.0000,0.13680060,0.00000000,0.13680060,0.0000,10,'closed',NULL,'dry_lim_69fcbe44df39a1.50654299','dry_sl_69fcbe44dff127.62892059','dry_trail_69fcbe44dff707.67319529',0,1,0.136120000000,0.24999778,0.05220954,'2026-05-07 16:00:00',1,'2026-05-07 16:31:00','2026-05-08 00:31:00','2026-05-07 16:31:00','2026-05-07 16:50:30'),
(2,'OPGUSDT','SHORT','short_scalp',0.23532353,4323.00000000,1017.2100,0.24120662,0.00000000,0.24120662,0.0000,10,'stopped_out',NULL,'dry_lim_69fcc3a9266144.33743454','dry_sl_69fcc3a9273782.96527488','dry_trail_69fcc3a9274197.48109102',0,0,NULL,0.25432591,0.15150703,'2026-05-07 16:00:00',1,'2026-05-07 16:54:01','2026-05-08 00:54:01','2026-05-07 16:54:01','2026-05-07 19:15:30'),
(3,'CLOUSDT','SHORT','short_scalp',0.14186419,7172.00000000,1017.3600,0.13758450,0.00000000,0.13758450,0.0000,10,'closed',NULL,'dry_lim_69fcd3a32dafc6.02245732','dry_sl_69fcd3a32e43d4.18816399','dry_trail_69fcd3a32e4ad0.88939854',0,1,0.136900000000,0.25436249,0.56074720,'2026-05-07 16:00:00',1,'2026-05-07 18:02:11','2026-05-08 02:02:11','2026-05-07 18:02:11','2026-05-07 18:07:00'),
(4,'TAGUSDT','SHORT','short_scalp',0.00136724,766491.00000000,1047.8700,0.00133052,0.00000000,0.00133052,0.0000,10,'closed',NULL,'dry_lim_69fcdb55853518.04441900','dry_sl_69fcdb55864223.73886926','dry_trail_69fcdb55864c96.26248748',0,1,0.001323900000,0.26199429,0.13421443,'2026-05-07 16:00:00',1,'2026-05-07 18:35:01','2026-05-08 02:35:01','2026-05-07 18:35:01','2026-05-07 19:47:30'),
(5,'TSTUSDT','LONG','long_continuation',0.02963000,35369.00000000,1048.0000,0.02888925,0.00000000,0.02888925,0.0000,10,'stopped_out',NULL,'dry_69fce1a9c25b07.18259606','dry_sl_69fce1a9c347f0.93516447','dry_trail_69fce1a9c355b0.29231547',0,0,NULL,0.52399174,-0.05239917,'2026-05-07 16:00:00',1,'2026-05-07 19:02:01','2026-05-08 03:02:01','2026-05-07 19:02:01','2026-05-07 19:04:00'),
(6,'CLOUSDT','SHORT','short_scalp',0.13639364,7492.00000000,1021.8800,0.13980348,0.00000000,0.13980348,0.0000,10,'stopped_out',NULL,'dry_lim_69fcfef5c4f889.45104129','dry_sl_69fcfef5c5e1c7.49402233','dry_trail_69fcfef5c5eca6.31178948',0,0,NULL,0.25546529,0.31579597,'2026-05-07 16:00:00',1,'2026-05-07 21:07:01','2026-05-08 05:07:01','2026-05-07 21:07:01','2026-05-07 21:26:30'),
(7,'CLOUSDT','SHORT','short_scalp',0.14072407,7077.00000000,995.8700,0.13963470,0.00000000,0.13963470,0.0000,10,'closed',NULL,'dry_lim_69fd1fc587c308.71045323','dry_sl_69fd1fc5885325.28895760','dry_trail_69fd1fc58859a7.99377938',0,1,0.138940000000,0.24897606,0.37412139,'2026-05-07 16:00:00',1,'2026-05-07 23:27:01','2026-05-08 07:27:01','2026-05-07 23:27:01','2026-05-07 23:50:30'),
(8,'NAORISUSDT','SHORT','short_scalp',0.13869387,7233.00000000,1003.2100,0.13614735,0.00000000,0.13614735,0.0000,10,'closed',NULL,'dry_lim_69fd3915b051c9.00141416','dry_sl_69fd3915b0e4c4.05927658','dry_trail_69fd3915b0eb32.22401091',0,1,0.135470000000,0.25079319,0.44616109,'2026-05-08 00:00:00',1,'2026-05-08 01:15:01','2026-05-08 09:15:01','2026-05-08 01:15:01','2026-05-08 02:22:30'),
(9,'AGTUSDT','SHORT','short_scalp',0.01771677,56655.00000000,1003.6600,0.01815969,0.00000000,0.01815969,0.0000,10,'stopped_out',NULL,'dry_lim_69fd44cd8a5d64.24038459','dry_sl_69fd44cd8b5151.16099524','dry_trail_69fd44cd8b5cc2.98321967',0,0,NULL,0.25093590,0.29875425,'2026-05-08 00:00:00',1,'2026-05-08 02:05:01','2026-05-08 10:05:01','2026-05-08 02:05:01','2026-05-08 02:05:30'),
(10,'NAORISUSDT','SHORT','short_scalp',0.13667367,7286.00000000,995.7700,0.14009051,0.00000000,0.14009051,0.0000,10,'stopped_out',NULL,'dry_lim_69fd679bf2a6d2.12686697','dry_sl_69fd679bf39d96.12013650','dry_trail_69fd679bf3a640.80361932',0,0,NULL,0.24895109,0.69354966,'2026-05-08 08:00:00',1,'2026-05-08 04:33:31','2026-05-08 12:33:31','2026-05-08 04:33:31','2026-05-08 08:18:30'),
(11,'GENIUSUSDT','SHORT','short_scalp',0.54575457,1825.00000000,996.1700,0.54259950,0.00000000,0.54259950,0.0000,10,'closed',NULL,'dry_lim_69fd7d49e14398.30067017','dry_sl_69fd7d49e204a8.39691564','dry_trail_69fd7d49e21237.98929919',0,1,0.539900000000,0.24900052,0.30366112,'2026-05-08 00:00:00',1,'2026-05-08 06:06:01','2026-05-08 14:06:01','2026-05-08 06:06:01','2026-05-08 06:41:30'),
(12,'GENIUSUSDT','SHORT','short_scalp',0.54215421,1800.00000000,976.1300,0.55570807,0.00000000,0.55570807,0.0000,10,'stopped_out',NULL,'dry_lim_69fda1d9e60d72.18184539','dry_sl_69fda1d9e6b245.88560713','dry_trail_69fda1d9e6b848.53075327',0,0,NULL,0.24396939,0.08961484,'2026-05-08 08:00:00',1,'2026-05-08 08:42:01','2026-05-08 16:42:01','2026-05-08 08:42:01','2026-05-08 09:18:00'),
(13,'COLLECTUSDT','SHORT','short_scalp',0.03947395,24096.00000000,951.0800,0.04046080,0.00000000,0.04046080,0.0000,10,'stopped_out',NULL,'dry_lim_69fdb859720231.84960705','dry_sl_69fdb85972c5b1.52157974','dry_trail_69fdb85972ccd5.64483911',0,0,NULL,0.23779107,1.36482565,'2026-05-08 08:00:00',1,'2026-05-08 10:18:01','2026-05-08 18:18:01','2026-05-08 10:18:01','2026-05-08 10:19:00'),
(14,'NAORISUSDT','SHORT','short_scalp',0.13323332,6965.00000000,927.9400,0.13145400,0.00000000,0.13145400,0.0000,10,'closed',NULL,'dry_lim_69fdb895752a85.76830697','dry_sl_69fdb895764a15.93917868','dry_trail_69fdb895765648.61361742',0,1,0.130800000000,0.23199252,0.20779106,'2026-05-08 08:00:00',1,'2026-05-08 10:19:01','2026-05-08 18:19:01','2026-05-08 10:19:01','2026-05-08 10:49:30'),
(15,'EVAAUSDT','SHORT','short_scalp',0.69726972,1348.00000000,939.8500,0.71470146,0.00000000,0.71470146,0.0000,10,'stopped_out',NULL,'dry_lim_69fdc5f11a6407.79280289','dry_sl_69fdc5f11b6f05.82211472','dry_trail_69fdc5f11b78e7.66889783',0,0,NULL,0.23497990,0.58816408,'2026-05-08 08:00:00',1,'2026-05-08 11:16:01','2026-05-08 19:16:01','2026-05-08 11:16:01','2026-05-08 12:01:00'),
(16,'CLOUSDT','SHORT','short_scalp',0.15015501,6263.00000000,940.4400,0.14803650,0.00000000,0.14803650,0.0000,10,'closed',NULL,'dry_lim_69fdc8c209c291.24188639','dry_sl_69fdc8c20ad176.02269711','dry_trail_69fdc8c20ada65.23057620',0,1,0.147300000000,0.23510521,0.53566370,'2026-05-08 08:00:00',1,'2026-05-08 11:28:02','2026-05-08 19:28:02','2026-05-08 11:28:02','2026-05-08 11:54:30'),
(17,'COLLECTUSDT','SHORT','short_scalp',0.03918392,23719.00000000,929.3300,0.03885330,0.00000000,0.03885330,0.0000,10,'closed',NULL,'dry_lim_69fdd4f1412038.44677285','dry_sl_69fdd4f141ff13.93773336','dry_trail_69fdd4f14206d1.39290105',0,1,0.038660000000,0.23235085,0.98972168,'2026-05-08 08:00:00',1,'2026-05-08 12:20:01','2026-05-08 20:20:01','2026-05-08 12:20:01','2026-05-08 12:28:00'),
(18,'HUSDT','SHORT','short_scalp',0.17838784,5255.00000000,937.4700,0.18284754,0.00000000,0.18284754,0.0000,10,'stopped_out',NULL,'dry_lim_69fdd8b1bb5fb0.63820472','dry_sl_69fdd8b1bc0e54.08150910','dry_trail_69fdd8b1bc1a89.04173795',0,0,NULL,0.23435702,0.16762152,'2026-05-08 08:00:00',1,'2026-05-08 12:36:01','2026-05-08 20:36:01','2026-05-08 12:36:01','2026-05-08 12:39:00'),
(19,'EVAAUSDT','SHORT','short_scalp',0.68266826,1338.20000000,913.4900,0.66611400,0.00000000,0.66611400,0.0000,10,'closed',NULL,'dry_lim_69fdecd9b27600.14331450','dry_sl_69fdecd9b2f7d7.30419809','dry_trail_69fdecd9b2fee3.34012096',0,1,0.662800000000,0.22838667,0.98608227,'2026-05-08 08:00:00',1,'2026-05-08 14:02:01','2026-05-08 22:02:01','2026-05-08 14:02:01','2026-05-08 15:43:00'),
(20,'SPORTFUNUSDT','SHORT','short_scalp',0.07725773,11837.00000000,914.4700,0.07918917,0.00000000,0.07918917,0.0000,10,'stopped_out',NULL,'dry_lim_69fdf50d636c48.06736300','dry_sl_69fdf50d63de74.55466709','dry_trail_69fdf50d63e2b4.60350755',0,0,NULL,0.22862494,0.69411446,'2026-05-08 08:00:00',1,'2026-05-08 14:37:01','2026-05-08 22:37:01','2026-05-08 14:37:01','2026-05-08 14:54:00'),
(21,'GENIUSUSDT','SHORT','short_scalp',0.53685368,1660.00000000,891.6100,0.55027502,0.00000000,0.55027502,0.0000,10,'stopped_out',NULL,'dry_lim_69fdfcc9edf2a2.31989005','dry_sl_69fdfcc9ee7d09.53115519','dry_trail_69fdfcc9ee83a0.03929293',0,0,NULL,0.22279428,0.23139627,'2026-05-08 16:00:00',1,'2026-05-08 15:10:01','2026-05-08 23:10:01','2026-05-08 15:10:01','2026-05-08 16:05:30'),
(22,'UAIUSDT','SHORT','short_scalp',0.27092709,3286.00000000,890.3600,0.26753100,0.00000000,0.26753100,0.0000,10,'closed',NULL,'dry_lim_69fe1e1195b172.40578688','dry_sl_69fe1e11964a47.69421872','dry_trail_69fe1e119650f3.88256285',0,1,0.266200000000,0.22256660,0.04451332,'2026-05-08 16:00:00',1,'2026-05-08 17:32:01','2026-05-09 01:32:01','2026-05-08 17:32:01','2026-05-08 18:42:17'),
(23,'EVAAUSDT','SHORT','short_scalp',0.69706970,1277.40000000,890.4000,0.69234450,0.00000000,0.69234450,0.0000,10,'closed',NULL,'dry_lim_69fe229306ce97.58662645','dry_sl_69fe229307e9b5.24406046','dry_trail_69fe229307f666.98696174',0,1,0.688900000000,0.22260921,0.69877921,'2026-05-08 16:00:00',1,'2026-05-08 17:51:15','2026-05-09 01:51:15','2026-05-08 17:51:15','2026-05-08 18:55:00'),
(24,'HMSTRUSDT','SHORT','short_scalp',0.00019022,4768506.00000000,906.9700,0.00019498,0.00000000,0.00019160,0.0000,10,'expired',NULL,'dry_lim_69fe3df1278fe5.05969222','dry_sl_69fe3df1280904.80166796','dry_trail_69fe3df1280dc1.34626571',0,0,NULL,0.22676630,0.02502226,'2026-05-09 00:00:00',1,'2026-05-08 19:48:01','2026-05-09 03:48:01','2026-05-08 19:48:01','2026-05-09 03:59:30'),
(25,'UAIUSDT','SHORT','short_scalp',0.26972697,3363.00000000,907.0100,0.27647014,0.00000000,0.27647014,0.0000,10,'stopped_out',NULL,'dry_lim_69fe4ad5592e75.53849951','dry_sl_69fe4ad55a48d2.55887690','dry_trail_69fe4ad55a5112.93070476',0,0,NULL,0.22677295,0.13995519,'2026-05-08 16:00:00',1,'2026-05-08 20:43:01','2026-05-09 04:43:01','2026-05-08 20:43:01','2026-05-08 21:35:30'),
(26,'EVAAUSDT','SHORT','short_scalp',0.71417141,1237.50000000,883.7700,0.73202570,0.00000000,0.73202570,0.0000,10,'stopped_out',NULL,'dry_lim_69fe7b1da74a60.22880134','dry_sl_69fe7b1da7f893.78791987','dry_trail_69fe7b1da7ffb4.90659647',0,0,NULL,0.22094678,0.14338562,'2026-05-09 00:00:00',1,'2026-05-09 00:09:01','2026-05-09 08:09:01','2026-05-09 00:09:01','2026-05-09 00:26:00'),
(27,'ONUSDT','SHORT','short_scalp',0.17263726,4988.00000000,861.1400,0.16976460,0.00000000,0.16976460,0.0000,10,'closed',NULL,'dry_lim_69fe81715c3ad4.22102732','dry_sl_69fe81715d1456.96369580','dry_trail_69fe81715d1e38.75757546',0,1,0.168920000000,0.21527866,0.33657527,'2026-05-09 00:00:00',1,'2026-05-09 00:36:01','2026-05-09 08:36:01','2026-05-09 00:36:01','2026-05-09 00:49:00'),
(28,'AKTUSDT','SHORT','short_scalp',0.79087908,1089.30000000,861.4800,0.78199050,0.00000000,0.78199050,0.0000,10,'closed',NULL,'dry_lim_69fe822579e045.19511107','dry_sl_69fe82257b1fd6.43174388','dry_trail_69fe82257b2886.26101918',0,1,0.778100000000,0.21537615,0.21776251,'2026-05-09 00:00:00',1,'2026-05-09 00:39:01','2026-05-09 08:39:01','2026-05-09 00:39:01','2026-05-09 00:45:00'),
(29,'MUSDT','SHORT','short_scalp',3.51245121,251.00000000,884.4300,3.60026249,0.00000000,3.60026249,0.0000,10,'stopped_out',NULL,'dry_lim_69fe85a9594e07.76998340','dry_sl_69fe85a95a5465.15479066','dry_trail_69fe85a95a5ec5.69359271',0,0,NULL,0.22040631,0.27584291,'2026-05-09 00:00:00',1,'2026-05-09 00:54:01','2026-05-09 08:54:01','2026-05-09 00:54:01','2026-05-09 01:15:30'),
(30,'DEEPUSDT','SHORT','short_scalp',0.03905391,22655.00000000,884.7000,0.03877290,0.00000000,0.03877290,0.0000,10,'closed',NULL,'dry_lim_69fe874d7cb993.47843897','dry_sl_69fe874d7d8e72.66275458','dry_trail_69fe874d7d9e44.81647839',0,1,0.038580000000,0.22119158,0.04423832,'2026-05-09 00:00:00',1,'2026-05-09 01:01:01','2026-05-09 09:01:01','2026-05-09 01:01:01','2026-05-09 01:06:30'),
(31,'AIAUSDT','SHORT','short_scalp',0.06436644,13482.00000000,867.7400,0.06368685,0.00000000,0.06368685,0.0000,10,'closed',NULL,'dry_lim_69fe943202cec7.70727194','dry_sl_69fe9432037866.97127074','dry_trail_69fe9432038094.43047543',0,1,0.063370000000,0.21694709,0.55924620,'2026-05-09 00:00:00',1,'2026-05-09 01:56:02','2026-05-09 09:56:02','2026-05-09 01:56:02','2026-05-09 02:11:30'),
(32,'ONUSDT','SHORT','short_scalp',0.17899790,4898.00000000,876.8100,0.17525190,0.00000000,0.17525190,0.0000,10,'closed',NULL,'dry_lim_69fea0d971e398.35348885','dry_sl_69fea0d972b488.85843724','dry_trail_69fea0d972bd76.79428474',0,1,0.174380000000,0.21918293,0.61184476,'2026-05-09 00:00:00',1,'2026-05-09 02:50:01','2026-05-09 10:50:01','2026-05-09 02:50:01','2026-05-09 03:22:00'),
(33,'PLUMEUSDT','SHORT','short_scalp',0.01589159,55219.00000000,877.4300,0.01558755,0.00000000,0.01558755,0.0000,10,'closed',NULL,'dry_lim_69fea3a9d45d05.70275120','dry_sl_69fea3a9d509a4.48539621','dry_trail_69fea3a9d51177.27235700',0,1,0.015510000000,0.21937943,-0.04839510,'2026-05-09 00:00:00',1,'2026-05-09 03:02:01','2026-05-09 11:02:01','2026-05-09 03:02:01','2026-05-09 03:20:30'),
(34,'USUALUSDT','SHORT','short_scalp',0.01658166,54520.00000000,903.9500,0.01699620,0.00000000,0.01699620,0.0000,10,'stopped_out',NULL,'dry_lim_69feb4c60ebb53.23787385','dry_sl_69feb4c60f5e00.55277052','dry_trail_69feb4c60f6572.30202983',0,0,NULL,0.22600803,0.04520161,'2026-05-09 00:00:00',1,'2026-05-09 04:15:02','2026-05-09 12:15:02','2026-05-09 04:15:02','2026-05-09 06:32:00'),
(35,'DYMUSDT','SHORT','short_scalp',0.02562256,35284.90000000,904.0000,0.02626312,0.00000000,0.02626312,0.0000,10,'stopped_out',NULL,'dry_lim_69feb6e151b1d4.64898376','dry_sl_69feb6e152a594.63050944','dry_trail_69feb6e152b2c5.52950420',0,0,NULL,0.22602237,0.04520447,'2026-05-09 00:00:00',1,'2026-05-09 04:24:01','2026-05-09 12:24:01','2026-05-09 04:24:01','2026-05-09 04:28:30'),
(36,'HMSTRUSDT','SHORT','short_scalp',0.00019002,4635526.00000000,880.7500,0.00018733,0.00000000,0.00018733,0.0000,10,'closed',NULL,'dry_lim_69fecd66239792.40259626','dry_sl_69fecd66241830.66782610','dry_trail_69fecd66241d79.69032337',0,1,0.000186400000,0.22021066,0.08777832,'2026-05-09 08:00:00',1,'2026-05-09 06:00:06','2026-05-09 14:00:06','2026-05-09 06:00:06','2026-05-09 09:39:30'),
(37,'MUSDT','SHORT','short_scalp',3.40974094,258.00000000,880.7900,3.38082000,0.00000000,3.38082000,0.0000,10,'closed',NULL,'dry_lim_69fecec9872288.40378389','dry_sl_69fecec987c112.32972027','dry_trail_69fecec987c808.04349323',0,1,3.364000000000,0.21992829,0.21327745,'2026-05-09 08:00:00',1,'2026-05-09 06:06:01','2026-05-09 14:06:01','2026-05-09 06:06:01','2026-05-09 10:18:30'),
(38,'BROCCOLIF3BUSDT','SHORT','short_scalp',0.00596360,143831.00000000,857.6700,0.00570438,0.00000000,0.00570438,0.0000,10,'closed',NULL,'dry_lim_69fee4b5c662b8.94637819','dry_sl_69fee4b5c73710.58839707','dry_trail_69fee4b5c741b3.10708105',0,1,0.005676000000,0.21443764,0.03484303,'2026-05-09 08:00:00',1,'2026-05-09 07:39:33','2026-05-09 15:39:33','2026-05-09 07:39:33','2026-05-09 08:34:00'),
(39,'SWARMSUSDT','SHORT','short_scalp',0.02510251,36106.00000000,906.2700,0.02573007,0.00000000,0.02573007,0.0000,10,'stopped_out',NULL,'dry_lim_69ff0259b55097.75499240','dry_sl_69ff0259b5cb53.66229732','dry_trail_69ff0259b5d1b4.25749973',0,0,NULL,0.22658781,0.43132348,'2026-05-09 08:00:00',1,'2026-05-09 09:46:01','2026-05-09 17:46:01','2026-05-09 09:46:01','2026-05-09 10:39:30'),
(40,'FHEUSDT','SHORT','short_scalp',0.03467347,26152.00000000,906.7000,0.03445140,0.00000000,0.03445140,0.0000,10,'closed',NULL,'dry_lim_69ff034a791013.09398246','dry_sl_69ff034a7a2b80.79728107','dry_trail_69ff034a7a3d34.12688586',0,1,0.034280000000,0.22669515,0.09506688,'2026-05-09 08:00:00',1,'2026-05-09 09:50:02','2026-05-09 17:50:02','2026-05-09 09:50:02','2026-05-09 10:24:00'),
(41,'QUSDT','SHORT','short_scalp',0.01352135,67071.00000000,906.8000,0.01385938,0.00000000,0.01385938,0.0000,10,'stopped_out',NULL,'dry_lim_69ff08adb32c46.05157394','dry_sl_69ff08adb3ee17.44436174','dry_trail_69ff08adb3f6d7.89037098',0,0,NULL,0.22672262,0.04534452,'2026-05-09 08:00:00',1,'2026-05-09 10:13:01','2026-05-09 18:13:01','2026-05-09 10:13:01','2026-05-09 10:18:31'),
(42,'BROCCOLIF3BUSDT','SHORT','short_scalp',0.00582058,153850.00000000,895.4100,0.00575865,0.00000000,0.00575865,0.0000,10,'closed',NULL,'dry_lim_69ff0dd56528f0.42260185','dry_sl_69ff0dd56609e4.16451932','dry_trail_69ff0dd5661513.35404249',0,1,0.005730000000,0.22387406,0.04477481,'2026-05-09 08:00:00',1,'2026-05-09 10:35:01','2026-05-09 18:35:01','2026-05-09 10:35:01','2026-05-09 10:48:00'),
(43,'CLOUSDT','SHORT','short_scalp',0.13119312,6715.00000000,880.9700,0.13447295,0.00000000,0.13315000,-13.1404,10,'open',NULL,'dry_lim_69ff18d9bb89e9.04092630','dry_sl_69ff18d9bc3023.28427853','dry_trail_69ff18d9bc3797.14958990',0,0,NULL,0.22024045,0.32337465,'2026-05-09 08:00:00',1,'2026-05-09 11:22:01','2026-05-09 19:22:01','2026-05-09 11:22:01','2026-05-09 12:35:30'),
(44,'OPENUSDT','SHORT','short_scalp',0.19611961,4494.00000000,881.2900,0.19225650,0.00000000,0.19225650,0.0000,10,'closed',NULL,'dry_lim_69ff23dd199445.69427693','dry_sl_69ff23dd1ab114.57401816','dry_trail_69ff23dd1abd18.81188569',0,1,0.191300000000,0.22034038,-0.00104998,'2026-05-09 08:00:00',1,'2026-05-09 12:09:01','2026-05-09 20:09:01','2026-05-09 12:09:01','2026-05-09 12:11:30'),
(45,'BASUSDT','SHORT','short_scalp',0.02104310,42678.00000000,898.0000,0.02054120,0.00000000,0.02054120,0.0000,10,'closed',NULL,'dry_lim_69ff2508cc92e4.09993732','dry_sl_69ff2508cd3925.12925910','dry_trail_69ff2508cd41d0.47044684',0,1,0.020439000000,0.22451936,0.39463182,'2026-05-09 08:00:00',1,'2026-05-09 12:14:00','2026-05-09 20:14:00','2026-05-09 12:14:00','2026-05-09 12:21:00'),
(46,'QUSDT','SHORT','short_scalp',0.01412741,63599.00000000,898.4000,0.01448060,0.00000000,0.01416400,-2.3271,10,'open',NULL,'dry_lim_69ff26354ffe01.91887619','dry_sl_69ff263550d444.32868130','dry_trail_69ff263550da36.40257471',0,0,NULL,0.22462229,0.04491043,'2026-05-09 08:00:00',1,'2026-05-09 12:19:01','2026-05-09 20:19:01','2026-05-09 12:19:01','2026-05-09 12:36:00');
/*!40000 ALTER TABLE `positions` ENABLE KEYS */;
UNLOCK TABLES;
COMMIT;
SET AUTOCOMMIT=@OLD_AUTOCOMMIT;

--
-- Table structure for table `trades`
--

DROP TABLE IF EXISTS `trades`;
/*!40101 SET @saved_cs_client     = @@character_set_client */;
/*!40101 SET character_set_client = utf8mb4 */;
CREATE TABLE `trades` (
  `id` bigint(20) unsigned NOT NULL AUTO_INCREMENT,
  `position_id` bigint(20) unsigned NOT NULL,
  `symbol` varchar(255) NOT NULL,
  `side` varchar(255) NOT NULL,
  `strategy_key` varchar(64) DEFAULT NULL,
  `type` varchar(255) NOT NULL DEFAULT 'close',
  `entry_price` decimal(20,8) NOT NULL,
  `exit_price` decimal(20,8) NOT NULL,
  `quantity` decimal(20,8) NOT NULL,
  `pnl` decimal(20,4) NOT NULL,
  `pnl_pct` decimal(10,4) NOT NULL,
  `fees` decimal(20,4) NOT NULL DEFAULT 0.0000,
  `funding_fee` decimal(20,8) NOT NULL DEFAULT 0.00000000,
  `close_reason` varchar(255) NOT NULL,
  `exchange_order_id` varchar(255) DEFAULT NULL,
  `is_dry_run` tinyint(1) NOT NULL DEFAULT 1,
  `created_at` timestamp NULL DEFAULT NULL,
  `updated_at` timestamp NULL DEFAULT NULL,
  PRIMARY KEY (`id`),
  KEY `trades_position_id_foreign` (`position_id`),
  KEY `trades_symbol_index` (`symbol`),
  KEY `trades_close_reason_index` (`close_reason`),
  KEY `trades_strategy_created_idx` (`strategy_key`,`created_at`),
  CONSTRAINT `trades_position_id_foreign` FOREIGN KEY (`position_id`) REFERENCES `positions` (`id`) ON DELETE CASCADE
) ENGINE=InnoDB AUTO_INCREMENT=45 DEFAULT CHARSET=utf8mb4 COLLATE=utf8mb4_unicode_ci;
/*!40101 SET character_set_client = @saved_cs_client */;

--
-- Dumping data for table `trades`
--

SET @OLD_AUTOCOMMIT=@@AUTOCOMMIT, @@AUTOCOMMIT=0;
LOCK TABLES `trades` WRITE;
/*!40000 ALTER TABLE `trades` DISABLE KEYS */;
INSERT INTO `trades` VALUES
(1,1,'NAORISUSDT','SHORT','short_scalp','close',0.13929393,0.13680060,7179.00000000,17.1586,1.7900,0.7410,0.05220000,'take_profit','dry_69fcc2d65fe113.55209813',1,'2026-05-07 16:50:30','2026-05-07 16:50:30'),
(2,3,'CLOUSDT','SHORT','short_scalp','close',0.14186419,0.13758450,7172.00000000,29.9462,3.0168,0.7477,0.56070000,'take_profit','dry_69fcd4c4050f85.04032289',1,'2026-05-07 18:07:00','2026-05-07 18:07:00'),
(3,5,'TSTUSDT','LONG','long_continuation','close',0.02963000,0.02888925,35369.00000000,-27.2345,-2.5000,1.0349,-0.05240000,'stop_loss','dry_69fce220d9aff6.89993751',1,'2026-05-07 19:04:00','2026-05-07 19:04:00'),
(4,2,'OPGUSDT','SHORT','short_scalp','close',0.23532353,0.24120662,4323.00000000,-26.2083,-2.5000,0.7757,0.15150000,'stop_loss','dry_69fce4d27c1da3.24504591',1,'2026-05-07 19:15:30','2026-05-07 19:15:30'),
(5,4,'TAGUSDT','SHORT','short_scalp','close',0.00136724,0.00133052,766491.00000000,27.3736,2.6857,0.7719,0.13420000,'take_profit','dry_69fcec527de278.20073434',1,'2026-05-07 19:47:30','2026-05-07 19:47:30'),
(6,6,'CLOUSDT','SHORT','short_scalp','close',0.13639364,0.13980348,7492.00000000,-26.3257,-2.5000,0.7792,0.31580000,'stop_loss','dry_69fd03867d2af1.81650983',1,'2026-05-07 21:26:30','2026-05-07 21:26:30'),
(7,7,'CLOUSDT','SHORT','short_scalp','close',0.14072407,0.13963470,7077.00000000,6.9664,0.7741,0.7431,0.37410000,'take_profit','dry_69fd25467da996.70337855',1,'2026-05-07 23:50:30','2026-05-07 23:50:30'),
(8,9,'AGTUSDT','SHORT','short_scalp','close',0.01771677,0.01815969,56655.00000000,-25.8590,-2.5000,0.7654,0.29880000,'stop_loss','dry_69fd44eab91306.24575534',1,'2026-05-08 02:05:30','2026-05-08 02:05:30'),
(9,8,'NAORISUSDT','SHORT','short_scalp','close',0.13869387,0.13614735,7233.00000000,17.6758,1.8361,0.7432,0.44620000,'take_profit','dry_69fd48e673ef71.62073573',1,'2026-05-08 02:22:30','2026-05-08 02:22:30'),
(10,11,'GENIUSUSDT','SHORT','short_scalp','close',0.54575457,0.54259950,1825.00000000,5.0139,0.5781,0.7441,0.30370000,'take_profit','dry_69fd859a921ed7.79471653',1,'2026-05-08 06:41:30','2026-05-08 06:41:30'),
(11,10,'NAORISUSDT','SHORT','short_scalp','close',0.13667367,0.14009051,7286.00000000,-25.6544,-2.5000,0.7593,0.69350000,'stop_loss','dry_69fd9c56687b83.14675610',1,'2026-05-08 08:18:30','2026-05-08 08:18:30'),
(12,12,'GENIUSUSDT','SHORT','short_scalp','close',0.54215421,0.55570807,1800.00000000,-25.1410,-2.5000,0.7441,0.08960000,'stop_loss','dry_69fdaa48619c95.54507224',1,'2026-05-08 09:18:00','2026-05-08 09:18:00'),
(13,13,'COLLECTUSDT','SHORT','short_scalp','close',0.03947395,0.04046080,24096.00000000,-24.5044,-2.5000,0.7253,1.36480000,'stop_loss','dry_69fdb8946b0096.42375751',1,'2026-05-08 10:19:00','2026-05-08 10:19:00'),
(14,14,'NAORISUSDT','SHORT','short_scalp','close',0.13323332,0.13145400,6965.00000000,11.7032,1.3355,0.6898,0.20780000,'take_profit','dry_69fdbfba6e8794.81546661',1,'2026-05-08 10:49:30','2026-05-08 10:49:30'),
(15,16,'CLOUSDT','SHORT','short_scalp','close',0.15015501,0.14803650,6263.00000000,12.5695,1.4109,0.6987,0.53570000,'take_profit','dry_69fdcef68852a6.25094511',1,'2026-05-08 11:54:30','2026-05-08 11:54:30'),
(16,15,'EVAAUSDT','SHORT','short_scalp','close',0.69726972,0.71470146,1348.00000000,-24.2147,-2.5000,0.7167,0.58820000,'stop_loss','dry_69fdd07c5ec6d0.23773653',1,'2026-05-08 12:01:00','2026-05-08 12:01:00'),
(17,17,'COLLECTUSDT','SHORT','short_scalp','close',0.03918392,0.03885330,23719.00000000,7.1489,0.8438,0.6931,0.98970000,'take_profit','dry_69fdd6d061ecc9.98214243',1,'2026-05-08 12:28:00','2026-05-08 12:28:00'),
(18,18,'HUSDT','SHORT','short_scalp','close',0.17838784,0.18284754,5255.00000000,-24.1505,-2.5000,0.7148,0.16760000,'stop_loss','dry_69fdd9645d6098.28425225',1,'2026-05-08 12:39:00','2026-05-08 12:39:00'),
(19,20,'SPORTFUNUSDT','SHORT','short_scalp','close',0.07725773,0.07918917,11837.00000000,-23.5598,-2.5000,0.6973,0.69410000,'stop_loss','dry_69fdf908890500.14354887',1,'2026-05-08 14:54:00','2026-05-08 14:54:00'),
(20,19,'EVAAUSDT','SHORT','short_scalp','close',0.68266826,0.66611400,1338.20000000,21.4788,2.4249,0.6741,0.98610000,'take_profit','dry_69fe048460b179.75940316',1,'2026-05-08 15:43:00','2026-05-08 15:43:00'),
(21,21,'GENIUSUSDT','SHORT','short_scalp','close',0.53685368,0.55027502,1660.00000000,-22.9589,-2.5000,0.6795,0.23140000,'stop_loss','dry_69fe09ca7078a2.33149899',1,'2026-05-08 16:05:30','2026-05-08 16:05:30'),
(22,22,'UAIUSDT','SHORT','short_scalp','close',0.27092709,0.26753100,3286.00000000,10.4975,1.2535,0.6621,0.04450000,'take_profit','dry_69fe2e8909c498.34738949',1,'2026-05-08 18:42:17','2026-05-08 18:42:17'),
(23,23,'EVAAUSDT','SHORT','short_scalp','close',0.69706970,0.69234450,1277.40000000,5.3712,0.6779,0.6648,0.69880000,'take_profit','dry_69fe31846a7b43.91818113',1,'2026-05-08 18:55:00','2026-05-08 18:55:00'),
(24,25,'UAIUSDT','SHORT','short_scalp','close',0.26972697,0.27647014,3363.00000000,-23.3690,-2.5000,0.6917,0.14000000,'stop_loss','dry_69fe5722938ff0.64924996',1,'2026-05-08 21:35:30','2026-05-08 21:35:30'),
(25,26,'EVAAUSDT','SHORT','short_scalp','close',0.71417141,0.73202570,1237.50000000,-22.7686,-2.5000,0.6739,0.14340000,'stop_loss','dry_69fe7f18959b17.05719661',1,'2026-05-09 00:26:00','2026-05-09 00:26:00'),
(26,28,'AKTUSDT','SHORT','short_scalp','close',0.79087908,0.78199050,1089.30000000,9.0410,1.1239,0.6413,0.21780000,'take_profit','dry_69fe838cda9355.88378931',1,'2026-05-09 00:45:00','2026-05-09 00:45:00'),
(27,27,'ONUSDT','SHORT','short_scalp','close',0.17263726,0.16976460,4988.00000000,13.6901,1.6640,0.6387,0.33660000,'take_profit','dry_69fe847c94f2a7.66474487',1,'2026-05-09 00:49:00','2026-05-09 00:49:00'),
(28,30,'DEEPUSDT','SHORT','short_scalp','close',0.03905391,0.03877290,22655.00000000,5.7059,0.7195,0.6604,0.04420000,'take_profit','dry_69fe8896c9b654.55651985',1,'2026-05-09 01:06:30','2026-05-09 01:06:30'),
(29,29,'MUSDT','SHORT','short_scalp','close',3.51245121,3.60026249,251.00000000,-22.7128,-2.5000,0.6722,0.27580000,'stop_loss','dry_69fe8ab2941099.77923272',1,'2026-05-09 01:15:30','2026-05-09 01:15:30'),
(30,31,'AIAUSDT','SHORT','short_scalp','close',0.06436644,0.06368685,13482.00000000,8.5159,1.0558,0.6463,0.55920000,'take_profit','dry_69fe97d294e5c8.24845175',1,'2026-05-09 02:11:30','2026-05-09 02:11:30'),
(31,33,'PLUMEUSDT','SHORT','short_scalp','close',0.01589159,0.01558755,55219.00000000,16.1391,1.9132,0.6497,-0.04840000,'take_profit','dry_69fea7fec350e1.83214477',1,'2026-05-09 03:20:30','2026-05-09 03:20:30'),
(32,32,'ONUSDT','SHORT','short_scalp','close',0.17899790,0.17525190,4898.00000000,17.6995,2.0928,0.6484,0.61180000,'take_profit','dry_69fea85893b454.40238417',1,'2026-05-09 03:22:00','2026-05-09 03:22:00'),
(33,24,'HMSTRUSDT','SHORT','short_scalp','close',0.00019022,0.00019160,4768506.00000000,-7.2641,-0.7255,0.6836,0.02500000,'expired','dry_69feb12271f381.18895955',1,'2026-05-09 03:59:30','2026-05-09 03:59:30'),
(34,35,'DYMUSDT','SHORT','short_scalp','close',0.02562256,0.02626312,35284.90000000,-23.2915,-2.5000,0.6894,0.04520000,'stop_loss','dry_69feb7eeaa74f2.09308633',1,'2026-05-09 04:28:30','2026-05-09 04:28:30'),
(35,34,'USUALUSDT','SHORT','short_scalp','close',0.01658166,0.01699620,54520.00000000,-23.2900,-2.5000,0.6893,0.04520000,'stop_loss','dry_69fed4e0818410.20036062',1,'2026-05-09 06:32:00','2026-05-09 06:32:00'),
(36,38,'BROCCOLIF3BUSDT','SHORT','short_scalp','close',0.00596360,0.00570438,143831.00000000,36.6592,4.3467,0.6247,0.03480000,'take_profit','dry_69fef178d36f37.58691712',1,'2026-05-09 08:34:00','2026-05-09 08:34:00'),
(37,36,'HMSTRUSDT','SHORT','short_scalp','close',0.00019002,0.00018733,4635526.00000000,11.8152,1.4156,0.6544,0.08780000,'take_profit','dry_69ff00d27b1510.01498465',1,'2026-05-09 09:39:30','2026-05-09 09:39:30'),
(38,37,'MUSDT','SHORT','short_scalp','close',3.40974094,3.38082000,258.00000000,6.8055,0.8482,0.6561,0.21330000,'take_profit','dry_69ff09f67acb60.31088279',1,'2026-05-09 10:18:30','2026-05-09 10:18:30'),
(39,41,'QUSDT','SHORT','short_scalp','close',0.01352135,0.01385938,67071.00000000,-23.3635,-2.5000,0.6915,0.04530000,'stop_loss','dry_69ff09f732b6e6.93068670',1,'2026-05-09 10:18:31','2026-05-09 10:18:31'),
(40,40,'FHEUSDT','SHORT','short_scalp','close',0.03467347,0.03445140,26152.00000000,5.1304,0.6405,0.6772,0.09510000,'take_profit','dry_69ff0b40a79999.44653918',1,'2026-05-09 10:24:00','2026-05-09 10:24:00'),
(41,39,'SWARMSUSDT','SHORT','short_scalp','close',0.02510251,0.02573007,36106.00000000,-23.3498,-2.5000,0.6911,0.43130000,'stop_loss','dry_69ff0ee28078f0.40084748',1,'2026-05-09 10:39:30','2026-05-09 10:39:30'),
(42,42,'BROCCOLIF3BUSDT','SHORT','short_scalp','close',0.00582058,0.00575865,153850.00000000,8.8610,1.0640,0.6669,0.04480000,'take_profit','dry_69ff10e07eb734.43779652',1,'2026-05-09 10:48:00','2026-05-09 10:48:00'),
(43,44,'OPENUSDT','SHORT','short_scalp','close',0.19611961,0.19225650,4494.00000000,16.7085,1.9698,0.6523,-0.00100000,'take_profit','dry_69ff24721aafc4.87409736',1,'2026-05-09 12:11:30','2026-05-09 12:11:30'),
(44,45,'BASUSDT','SHORT','short_scalp','close',0.02104310,0.02054120,42678.00000000,20.7573,2.3851,0.6628,0.39460000,'take_profit','dry_69ff26ac9d6e18.19752647',1,'2026-05-09 12:21:00','2026-05-09 12:21:00');
/*!40000 ALTER TABLE `trades` ENABLE KEYS */;
UNLOCK TABLES;
COMMIT;
SET AUTOCOMMIT=@OLD_AUTOCOMMIT;

--
-- Table structure for table `balance_snapshots`
--

DROP TABLE IF EXISTS `balance_snapshots`;
/*!40101 SET @saved_cs_client     = @@character_set_client */;
/*!40101 SET character_set_client = utf8mb4 */;
CREATE TABLE `balance_snapshots` (
  `id` bigint(20) unsigned NOT NULL AUTO_INCREMENT,
  `wallet_balance` decimal(20,8) NOT NULL,
  `available_balance` decimal(20,8) NOT NULL,
  `unrealized_profit` decimal(20,8) NOT NULL DEFAULT 0.00000000,
  `margin_balance` decimal(20,8) NOT NULL DEFAULT 0.00000000,
  `position_margin` decimal(20,8) NOT NULL DEFAULT 0.00000000,
  `maint_margin` decimal(20,8) NOT NULL DEFAULT 0.00000000,
  `open_positions` smallint(5) unsigned NOT NULL DEFAULT 0,
  `is_dry_run` tinyint(1) NOT NULL DEFAULT 0,
  `created_at` timestamp NOT NULL DEFAULT current_timestamp(),
  PRIMARY KEY (`id`),
  KEY `balance_snapshots_is_dry_run_created_at_index` (`is_dry_run`,`created_at`)
) ENGINE=InnoDB AUTO_INCREMENT=414 DEFAULT CHARSET=utf8mb4 COLLATE=utf8mb4_unicode_ci;
/*!40101 SET character_set_client = @saved_cs_client */;

--
-- Dumping data for table `balance_snapshots`
--

SET @OLD_AUTOCOMMIT=@@AUTOCOMMIT, @@AUTOCOMMIT=0;
LOCK TABLES `balance_snapshots` WRITE;
/*!40000 ALTER TABLE `balance_snapshots` DISABLE KEYS */;
INSERT INTO `balance_snapshots` VALUES
(1,1000.00000000,1000.00000000,0.00000000,1000.00000000,0.00000000,0.00000000,0,1,'2026-05-07 16:30:56'),
(2,1000.05220000,906.54150000,6.48930000,1006.54150000,100.00000000,40.00000000,1,1,'2026-05-07 16:35:57'),
(3,1000.05220000,913.00260000,12.95040000,1013.00260000,100.00000000,40.00000000,1,1,'2026-05-07 16:40:57'),
(4,1000.05220000,919.89450000,19.84230000,1019.89450000,100.00000000,40.00000000,1,1,'2026-05-07 16:45:58'),
(5,1017.21080000,1017.21080000,0.00000000,1017.21080000,0.00000000,0.00000000,0,1,'2026-05-07 16:50:59'),
(6,1017.36230000,912.71690000,-2.92440000,1014.43790000,101.72100000,40.68840000,1,1,'2026-05-07 16:55:59'),
(7,1017.36230000,907.96160000,-7.67970000,1009.68260000,101.72100000,40.68840000,1,1,'2026-05-07 17:45:11'),
(8,1048.00340000,815.09190000,-26.40350000,1021.59990000,206.50800000,82.60320000,2,1,'2026-05-07 18:35:42'),
(9,1048.00340000,816.49300000,-25.00240000,1023.00100000,206.50800000,82.60320000,2,1,'2026-05-07 18:40:43'),
(10,1048.00340000,830.25610000,-11.23930000,1036.76410000,206.50800000,82.60320000,2,1,'2026-05-07 18:45:43'),
(11,1048.00340000,828.02720000,-13.46820000,1034.53520000,206.50800000,82.60320000,2,1,'2026-05-07 18:50:44'),
(12,1048.00340000,821.59790000,-19.89750000,1028.10590000,206.50800000,82.60320000,2,1,'2026-05-07 18:55:44'),
(13,1048.00340000,815.46900000,-26.02640000,1021.97700000,206.50800000,82.60320000,2,1,'2026-05-07 19:00:45'),
(14,1020.71650000,790.64100000,-23.56750000,997.14900000,206.50800000,82.60320000,2,1,'2026-05-07 19:05:45'),
(15,1020.71650000,797.84910000,-16.35940000,1004.35710000,206.50800000,82.60320000,2,1,'2026-05-07 19:10:46'),
(16,994.50820000,894.65740000,4.93620000,999.44440000,104.78700000,41.91480000,1,1,'2026-05-07 19:15:47'),
(17,994.50820000,901.47920000,11.75800000,1006.26620000,104.78700000,41.91480000,1,1,'2026-05-07 19:20:47'),
(18,994.50820000,902.01570000,12.29450000,1006.80270000,104.78700000,41.91480000,1,1,'2026-05-07 19:25:48'),
(19,994.50820000,904.23850000,14.51730000,1009.02550000,104.78700000,41.91480000,1,1,'2026-05-07 19:30:48'),
(20,994.50820000,906.46140000,16.74020000,1011.24840000,104.78700000,41.91480000,1,1,'2026-05-07 19:35:49'),
(21,994.50820000,912.05670000,22.33550000,1016.84370000,104.78700000,41.91480000,1,1,'2026-05-07 19:40:49'),
(22,994.50820000,919.33840000,29.61720000,1024.12540000,104.78700000,41.91480000,1,1,'2026-05-07 19:45:50'),
(23,1021.88180000,1021.88180000,0.00000000,1021.88180000,0.00000000,0.00000000,0,1,'2026-05-07 19:50:50'),
(24,1021.88180000,1021.88180000,0.00000000,1021.88180000,0.00000000,0.00000000,0,1,'2026-05-07 19:55:51'),
(25,1021.88180000,1021.88180000,0.00000000,1021.88180000,0.00000000,0.00000000,0,1,'2026-05-07 20:00:51'),
(26,1021.88180000,1021.88180000,0.00000000,1021.88180000,0.00000000,0.00000000,0,1,'2026-05-07 20:05:52'),
(27,1021.88180000,1021.88180000,0.00000000,1021.88180000,0.00000000,0.00000000,0,1,'2026-05-07 20:10:52'),
(28,1021.88180000,1021.88180000,0.00000000,1021.88180000,0.00000000,0.00000000,0,1,'2026-05-07 20:15:53'),
(29,1021.88180000,1021.88180000,0.00000000,1021.88180000,0.00000000,0.00000000,0,1,'2026-05-07 20:20:53'),
(30,1021.88180000,1021.88180000,0.00000000,1021.88180000,0.00000000,0.00000000,0,1,'2026-05-07 20:25:54'),
(31,1021.88180000,1021.88180000,0.00000000,1021.88180000,0.00000000,0.00000000,0,1,'2026-05-07 20:30:55'),
(32,1021.88180000,1021.88180000,0.00000000,1021.88180000,0.00000000,0.00000000,0,1,'2026-05-07 20:35:55'),
(33,1021.88180000,1021.88180000,0.00000000,1021.88180000,0.00000000,0.00000000,0,1,'2026-05-07 20:40:56'),
(34,1021.88180000,1021.88180000,0.00000000,1021.88180000,0.00000000,0.00000000,0,1,'2026-05-07 20:45:56'),
(35,1021.88180000,1021.88180000,0.00000000,1021.88180000,0.00000000,0.00000000,0,1,'2026-05-07 20:50:57'),
(36,1021.88180000,1021.88180000,0.00000000,1021.88180000,0.00000000,0.00000000,0,1,'2026-05-07 20:55:57'),
(37,1021.88180000,1021.88180000,0.00000000,1021.88180000,0.00000000,0.00000000,0,1,'2026-05-07 21:00:58'),
(38,1021.88180000,1021.88180000,0.00000000,1021.88180000,0.00000000,0.00000000,0,1,'2026-05-07 21:05:58'),
(39,1022.19760000,912.24520000,-7.76440000,1014.43320000,102.18800000,40.87520000,1,1,'2026-05-07 21:10:59'),
(40,1022.19760000,919.73720000,-0.27240000,1021.92520000,102.18800000,40.87520000,1,1,'2026-05-07 21:15:59'),
(41,1022.19760000,915.31690000,-4.69270000,1017.50490000,102.18800000,40.87520000,1,1,'2026-05-07 21:20:00'),
(42,1022.19760000,919.51240000,-0.49720000,1021.70040000,102.18800000,40.87520000,1,1,'2026-05-07 21:25:00'),
(43,995.87190000,995.87190000,0.00000000,995.87190000,0.00000000,0.00000000,0,1,'2026-05-07 21:30:01'),
(44,995.87190000,995.87190000,0.00000000,995.87190000,0.00000000,0.00000000,0,1,'2026-05-07 21:50:14'),
(45,995.87190000,995.87190000,0.00000000,995.87190000,0.00000000,0.00000000,0,1,'2026-05-07 21:55:14'),
(46,995.87190000,995.87190000,0.00000000,995.87190000,0.00000000,0.00000000,0,1,'2026-05-07 22:00:15'),
(47,995.87190000,995.87190000,0.00000000,995.87190000,0.00000000,0.00000000,0,1,'2026-05-07 22:05:15'),
(48,995.87190000,995.87190000,0.00000000,995.87190000,0.00000000,0.00000000,0,1,'2026-05-07 22:10:16'),
(49,995.87190000,995.87190000,0.00000000,995.87190000,0.00000000,0.00000000,0,1,'2026-05-07 22:15:16'),
(50,995.87190000,995.87190000,0.00000000,995.87190000,0.00000000,0.00000000,0,1,'2026-05-07 22:20:17'),
(51,995.87190000,995.87190000,0.00000000,995.87190000,0.00000000,0.00000000,0,1,'2026-05-07 22:25:17'),
(52,995.87190000,995.87190000,0.00000000,995.87190000,0.00000000,0.00000000,0,1,'2026-05-07 22:30:18'),
(53,995.87190000,995.87190000,0.00000000,995.87190000,0.00000000,0.00000000,0,1,'2026-05-07 22:35:18'),
(54,995.87190000,995.87190000,0.00000000,995.87190000,0.00000000,0.00000000,0,1,'2026-05-07 22:40:19'),
(55,995.87190000,995.87190000,0.00000000,995.87190000,0.00000000,0.00000000,0,1,'2026-05-07 22:45:19'),
(56,995.87190000,995.87190000,0.00000000,995.87190000,0.00000000,0.00000000,0,1,'2026-05-07 22:50:20'),
(57,995.87190000,995.87190000,0.00000000,995.87190000,0.00000000,0.00000000,0,1,'2026-05-07 22:55:20'),
(58,995.87190000,995.87190000,0.00000000,995.87190000,0.00000000,0.00000000,0,1,'2026-05-07 23:00:21'),
(59,995.87190000,995.87190000,0.00000000,995.87190000,0.00000000,0.00000000,0,1,'2026-05-07 23:05:21'),
(60,995.87190000,995.87190000,0.00000000,995.87190000,0.00000000,0.00000000,0,1,'2026-05-07 23:10:22'),
(61,995.87190000,995.87190000,0.00000000,995.87190000,0.00000000,0.00000000,0,1,'2026-05-07 23:15:22'),
(62,995.87190000,995.87190000,0.00000000,995.87190000,0.00000000,0.00000000,0,1,'2026-05-07 23:20:23'),
(63,995.87190000,995.87190000,0.00000000,995.87190000,0.00000000,0.00000000,0,1,'2026-05-07 23:25:23'),
(64,996.24600000,895.90930000,-0.74970000,995.49630000,99.58700000,39.83480000,1,1,'2026-05-07 23:30:24'),
(65,996.24600000,894.42320000,-2.23580000,994.01020000,99.58700000,39.83480000,1,1,'2026-05-07 23:35:25'),
(66,996.24600000,902.63250000,5.97350000,1002.21950000,99.58700000,39.83480000,1,1,'2026-05-07 23:40:25'),
(67,996.24600000,894.21090000,-2.44810000,993.79790000,99.58700000,39.83480000,1,1,'2026-05-07 23:45:26'),
(68,996.24600000,906.52480000,9.86580000,1006.11180000,99.58700000,39.83480000,1,1,'2026-05-07 23:50:26'),
(69,1003.21240000,1003.21240000,0.00000000,1003.21240000,0.00000000,0.00000000,0,1,'2026-05-08 00:15:21'),
(70,1003.21240000,1003.21240000,0.00000000,1003.21240000,0.00000000,0.00000000,0,1,'2026-05-08 00:20:21'),
(71,1003.21240000,1003.21240000,0.00000000,1003.21240000,0.00000000,0.00000000,0,1,'2026-05-08 00:25:22'),
(72,1003.21240000,1003.21240000,0.00000000,1003.21240000,0.00000000,0.00000000,0,1,'2026-05-08 00:30:22'),
(73,1003.21240000,1003.21240000,0.00000000,1003.21240000,0.00000000,0.00000000,0,1,'2026-05-08 00:35:23'),
(74,1003.21240000,1003.21240000,0.00000000,1003.21240000,0.00000000,0.00000000,0,1,'2026-05-08 00:40:23'),
(75,1003.21240000,1003.21240000,0.00000000,1003.21240000,0.00000000,0.00000000,0,1,'2026-05-08 00:45:24'),
(76,1003.21240000,1003.21240000,0.00000000,1003.21240000,0.00000000,0.00000000,0,1,'2026-05-08 00:50:25'),
(77,1003.21240000,1003.21240000,0.00000000,1003.21240000,0.00000000,0.00000000,0,1,'2026-05-08 00:55:25'),
(78,1003.21240000,1003.21240000,0.00000000,1003.21240000,0.00000000,0.00000000,0,1,'2026-05-08 01:00:26'),
(79,1003.21240000,1003.21240000,0.00000000,1003.21240000,0.00000000,0.00000000,0,1,'2026-05-08 01:05:26'),
(80,1003.21240000,1003.21240000,0.00000000,1003.21240000,0.00000000,0.00000000,0,1,'2026-05-08 01:10:27'),
(81,1003.21240000,902.89140000,0.00000000,1003.21240000,100.32100000,40.12840000,1,1,'2026-05-08 01:15:27'),
(82,1003.65860000,900.97870000,-2.35890000,1001.29970000,100.32100000,40.12840000,1,1,'2026-05-08 01:20:28'),
(83,1003.65860000,898.23020000,-5.10740000,998.55120000,100.32100000,40.12840000,1,1,'2026-05-08 01:25:28'),
(84,1003.65860000,901.70200000,-1.63560000,1002.02300000,100.32100000,40.12840000,1,1,'2026-05-08 01:30:29'),
(85,1003.65860000,907.70540000,4.36780000,1008.02640000,100.32100000,40.12840000,1,1,'2026-05-08 01:35:29'),
(86,1003.65860000,911.10490000,7.76730000,1011.42590000,100.32100000,40.12840000,1,1,'2026-05-08 01:40:30'),
(87,1003.65860000,910.38160000,7.04400000,1010.70260000,100.32100000,40.12840000,1,1,'2026-05-08 01:50:44'),
(88,1003.65860000,911.82820000,8.49060000,1012.14920000,100.32100000,40.12840000,1,1,'2026-05-08 01:55:45'),
(89,1003.65860000,916.67430000,13.33670000,1016.99530000,100.32100000,40.12840000,1,1,'2026-05-08 02:00:46'),
(90,978.09840000,895.59860000,17.82120000,995.91960000,100.32100000,40.12840000,1,1,'2026-05-08 02:05:46'),
(91,978.09840000,895.81560000,18.03820000,996.13660000,100.32100000,40.12840000,1,1,'2026-05-08 02:10:47'),
(92,978.09840000,898.78110000,21.00370000,999.10210000,100.32100000,40.12840000,1,1,'2026-05-08 02:15:47'),
(93,978.09840000,899.64910000,21.87170000,999.97010000,100.32100000,40.12840000,1,1,'2026-05-08 02:20:48'),
(94,995.77420000,995.77420000,0.00000000,995.77420000,0.00000000,0.00000000,0,1,'2026-05-08 02:25:48'),
(95,995.77420000,995.77420000,0.00000000,995.77420000,0.00000000,0.00000000,0,1,'2026-05-08 02:30:49'),
(96,995.77420000,995.77420000,0.00000000,995.77420000,0.00000000,0.00000000,0,1,'2026-05-08 02:35:49'),
(97,995.77420000,995.77420000,0.00000000,995.77420000,0.00000000,0.00000000,0,1,'2026-05-08 02:40:50'),
(98,995.77420000,995.77420000,0.00000000,995.77420000,0.00000000,0.00000000,0,1,'2026-05-08 02:45:50'),
(99,995.77420000,995.77420000,0.00000000,995.77420000,0.00000000,0.00000000,0,1,'2026-05-08 02:50:51'),
(100,995.77420000,995.77420000,0.00000000,995.77420000,0.00000000,0.00000000,0,1,'2026-05-08 02:55:51'),
(101,995.77420000,995.77420000,0.00000000,995.77420000,0.00000000,0.00000000,0,1,'2026-05-08 03:00:52'),
(102,995.77420000,995.77420000,0.00000000,995.77420000,0.00000000,0.00000000,0,1,'2026-05-08 03:05:52'),
(103,996.17200000,893.92590000,-2.66910000,993.50290000,99.57700000,39.83080000,1,1,'2026-05-08 05:20:50'),
(104,996.17200000,894.58170000,-2.01330000,994.15870000,99.57700000,39.83080000,1,1,'2026-05-08 05:25:50'),
(105,996.17200000,895.60170000,-0.99330000,995.17870000,99.57700000,39.83080000,1,1,'2026-05-08 05:30:51'),
(106,996.17200000,893.56160000,-3.03340000,993.13860000,99.57700000,39.83080000,1,1,'2026-05-08 05:35:51'),
(107,996.17200000,891.81300000,-4.78200000,991.39000000,99.57700000,39.83080000,1,1,'2026-05-08 05:40:52'),
(108,996.17200000,890.42860000,-6.16640000,990.00560000,99.57700000,39.83080000,1,1,'2026-05-08 05:45:52'),
(109,996.17200000,887.95140000,-8.64360000,987.52840000,99.57700000,39.83080000,1,1,'2026-05-08 05:50:53'),
(110,996.17200000,888.68000000,-7.91500000,988.25700000,99.57700000,39.83080000,1,1,'2026-05-08 05:55:53'),
(111,996.17200000,892.76020000,-3.83480000,992.33720000,99.57700000,39.83080000,1,1,'2026-05-08 06:00:54'),
(112,996.17200000,896.33030000,-0.26470000,995.90730000,99.57700000,39.83080000,1,1,'2026-05-08 06:05:55'),
(113,996.47570000,796.06050000,-1.22120000,995.25450000,199.19400000,79.67760000,2,1,'2026-05-08 06:10:55'),
(114,996.47570000,799.88880000,2.60710000,999.08280000,199.19400000,79.67760000,2,1,'2026-05-08 06:15:56'),
(115,996.47570000,799.81170000,2.53000000,999.00570000,199.19400000,79.67760000,2,1,'2026-05-08 06:20:56'),
(116,996.47570000,801.24400000,3.96230000,1000.43800000,199.19400000,79.67760000,2,1,'2026-05-08 06:25:57'),
(117,996.47570000,798.58150000,1.29980000,997.77550000,199.19400000,79.67760000,2,1,'2026-05-08 06:30:57'),
(118,996.47570000,801.31690000,4.03520000,1000.51090000,199.19400000,79.67760000,2,1,'2026-05-08 06:35:58'),
(119,996.47570000,807.26440000,9.98270000,1006.45840000,199.19400000,79.67760000,2,1,'2026-05-08 06:40:58'),
(120,1001.48960000,900.77360000,-1.13900000,1000.35060000,99.57700000,39.83080000,1,1,'2026-05-08 06:45:59'),
(121,1001.48960000,898.66060000,-3.25200000,998.23760000,99.57700000,39.83080000,1,1,'2026-05-08 06:50:59'),
(122,1001.48960000,899.17070000,-2.74190000,998.74770000,99.57700000,39.83080000,1,1,'2026-05-08 06:55:00'),
(123,1001.48960000,902.44940000,0.53680000,1002.02640000,99.57700000,39.83080000,1,1,'2026-05-08 07:00:00'),
(124,1001.48960000,893.99760000,-7.91500000,993.57460000,99.57700000,39.83080000,1,1,'2026-05-08 07:05:01'),
(125,1001.48960000,887.95020000,-13.96240000,987.52720000,99.57700000,39.83080000,1,1,'2026-05-08 07:10:02'),
(126,1001.48960000,889.69890000,-12.21370000,989.27590000,99.57700000,39.83080000,1,1,'2026-05-08 07:15:02'),
(127,1001.48960000,888.97030000,-12.94230000,988.54730000,99.57700000,39.83080000,1,1,'2026-05-08 07:20:03'),
(128,1001.48960000,888.46020000,-13.45240000,988.03720000,99.57700000,39.83080000,1,1,'2026-05-08 07:25:03'),
(129,1001.48960000,891.30180000,-10.61080000,990.87880000,99.57700000,39.83080000,1,1,'2026-05-08 07:30:04'),
(130,1001.48960000,897.20340000,-4.70920000,996.78040000,99.57700000,39.83080000,1,1,'2026-05-08 07:35:05'),
(131,1001.48960000,896.03770000,-5.87490000,995.61470000,99.57700000,39.83080000,1,1,'2026-05-08 07:40:05'),
(132,1001.48960000,891.37460000,-10.53800000,990.95160000,99.57700000,39.83080000,1,1,'2026-05-08 07:45:06'),
(133,1001.48960000,886.49300000,-15.41960000,986.07000000,99.57700000,39.83080000,1,1,'2026-05-08 07:50:07'),
(134,1001.48960000,889.77170000,-12.14090000,989.34870000,99.57700000,39.83080000,1,1,'2026-05-08 07:55:07'),
(135,1001.78530000,887.51730000,-14.69100000,987.09430000,99.57700000,39.83080000,1,1,'2026-05-08 08:00:08'),
(136,1001.78530000,885.62300000,-16.58530000,985.20000000,99.57700000,39.83080000,1,1,'2026-05-08 08:05:08'),
(137,1001.78530000,884.74860000,-17.45970000,984.32560000,99.57700000,39.83080000,1,1,'2026-05-08 08:10:09'),
(138,1001.78530000,884.16580000,-18.04250000,983.74280000,99.57700000,39.83080000,1,1,'2026-05-08 08:15:10'),
(139,976.13090000,976.13090000,0.00000000,976.13090000,0.00000000,0.00000000,0,1,'2026-05-08 08:20:10'),
(140,976.13090000,976.13090000,0.00000000,976.13090000,0.00000000,0.00000000,0,1,'2026-05-08 08:25:11'),
(141,976.13090000,976.13090000,0.00000000,976.13090000,0.00000000,0.00000000,0,1,'2026-05-08 08:30:12'),
(142,976.13090000,976.13090000,0.00000000,976.13090000,0.00000000,0.00000000,0,1,'2026-05-08 08:35:12'),
(143,976.13090000,976.13090000,0.00000000,976.13090000,0.00000000,0.00000000,0,1,'2026-05-08 08:40:13'),
(144,976.22050000,872.22510000,-6.38240000,969.83810000,97.61300000,39.04520000,1,1,'2026-05-08 08:45:13'),
(145,976.22050000,869.16510000,-9.44240000,966.77810000,97.61300000,39.04520000,1,1,'2026-05-08 08:50:14'),
(146,976.22050000,865.20510000,-13.40240000,962.81810000,97.61300000,39.04520000,1,1,'2026-05-08 08:55:15'),
(147,976.22050000,867.00510000,-11.60240000,964.61810000,97.61300000,39.04520000,1,1,'2026-05-08 09:00:15'),
(148,976.22050000,859.62510000,-18.98240000,957.23810000,97.61300000,39.04520000,1,1,'2026-05-08 09:05:16'),
(149,976.22050000,867.72510000,-10.88240000,965.33810000,97.61300000,39.04520000,1,1,'2026-05-08 09:10:16'),
(150,976.22050000,860.70510000,-17.90240000,958.31810000,97.61300000,39.04520000,1,1,'2026-05-08 09:15:17'),
(151,951.07950000,951.07950000,0.00000000,951.07950000,0.00000000,0.00000000,0,1,'2026-05-08 09:20:18'),
(152,951.07950000,951.07950000,0.00000000,951.07950000,0.00000000,0.00000000,0,1,'2026-05-08 09:25:18'),
(153,951.07950000,951.07950000,0.00000000,951.07950000,0.00000000,0.00000000,0,1,'2026-05-08 09:30:19'),
(154,951.07950000,951.07950000,0.00000000,951.07950000,0.00000000,0.00000000,0,1,'2026-05-08 09:35:19'),
(155,951.07950000,951.07950000,0.00000000,951.07950000,0.00000000,0.00000000,0,1,'2026-05-08 09:40:20'),
(156,951.07950000,951.07950000,0.00000000,951.07950000,0.00000000,0.00000000,0,1,'2026-05-08 09:45:21'),
(157,951.07950000,951.07950000,0.00000000,951.07950000,0.00000000,0.00000000,0,1,'2026-05-08 09:50:21'),
(158,951.07950000,951.07950000,0.00000000,951.07950000,0.00000000,0.00000000,0,1,'2026-05-08 09:55:22'),
(159,951.07950000,951.07950000,0.00000000,951.07950000,0.00000000,0.00000000,0,1,'2026-05-08 10:00:23'),
(160,951.07950000,951.07950000,0.00000000,951.07950000,0.00000000,0.00000000,0,1,'2026-05-08 10:05:23'),
(161,951.07950000,951.07950000,0.00000000,951.07950000,0.00000000,0.00000000,0,1,'2026-05-08 10:10:24'),
(162,951.07950000,951.07950000,0.00000000,951.07950000,0.00000000,0.00000000,0,1,'2026-05-08 10:15:24'),
(163,928.14770000,835.51610000,0.16240000,928.31010000,92.79400000,37.11760000,1,1,'2026-05-08 10:20:25'),
(164,928.14770000,840.67020000,5.31650000,933.46420000,92.79400000,37.11760000,1,1,'2026-05-08 10:25:26'),
(165,928.14770000,838.30210000,2.94840000,931.09610000,92.79400000,37.11760000,1,1,'2026-05-08 10:30:26'),
(166,928.14770000,843.45620000,8.10250000,936.25020000,92.79400000,37.11760000,1,1,'2026-05-08 10:35:27'),
(167,928.14770000,844.36170000,9.00800000,937.15570000,92.79400000,37.11760000,1,1,'2026-05-08 10:40:27'),
(168,928.14770000,852.16250000,16.80880000,944.95650000,92.79400000,37.11760000,1,1,'2026-05-08 10:45:28'),
(169,939.85090000,939.85090000,0.00000000,939.85090000,0.00000000,0.00000000,0,1,'2026-05-08 10:50:29'),
(170,939.85090000,939.85090000,0.00000000,939.85090000,0.00000000,0.00000000,0,1,'2026-05-08 10:55:29'),
(171,939.85090000,939.85090000,0.00000000,939.85090000,0.00000000,0.00000000,0,1,'2026-05-08 11:00:30'),
(172,939.85090000,939.85090000,0.00000000,939.85090000,0.00000000,0.00000000,0,1,'2026-05-08 11:05:30'),
(173,939.85090000,939.85090000,0.00000000,939.85090000,0.00000000,0.00000000,0,1,'2026-05-08 11:10:31'),
(174,939.85090000,939.85090000,0.00000000,939.85090000,0.00000000,0.00000000,0,1,'2026-05-08 11:15:32'),
(175,940.43910000,842.77370000,-3.68040000,936.75870000,93.98500000,37.59400000,1,1,'2026-05-08 11:20:33'),
(176,940.43910000,842.77370000,-3.68040000,936.75870000,93.98500000,37.59400000,1,1,'2026-05-08 11:25:33'),
(177,940.97470000,758.23000000,5.28430000,946.25900000,188.02900000,75.21160000,2,1,'2026-05-08 11:30:34'),
(178,940.97470000,757.21670000,4.27100000,945.24570000,188.02900000,75.21160000,2,1,'2026-05-08 11:35:34'),
(179,940.97470000,751.37130000,-1.57440000,939.40030000,188.02900000,75.21160000,2,1,'2026-05-08 11:40:35'),
(180,940.97470000,739.93040000,-13.01530000,927.95940000,188.02900000,75.21160000,2,1,'2026-05-08 11:45:35'),
(181,940.97470000,738.22690000,-14.71880000,926.25590000,188.02900000,75.21160000,2,1,'2026-05-08 11:50:36'),
(182,953.54430000,844.28610000,-15.27320000,938.27110000,93.98500000,37.59400000,1,1,'2026-05-08 11:55:36'),
(183,953.54430000,838.62450000,-20.93480000,932.60950000,93.98500000,37.59400000,1,1,'2026-05-08 12:00:37'),
(184,929.32960000,929.32960000,0.00000000,929.32960000,0.00000000,0.00000000,0,1,'2026-05-08 12:05:37'),
(185,929.32960000,929.32960000,0.00000000,929.32960000,0.00000000,0.00000000,0,1,'2026-05-08 12:10:38'),
(186,929.32960000,929.32960000,0.00000000,929.32960000,0.00000000,0.00000000,0,1,'2026-05-08 12:15:39'),
(187,930.31930000,840.08840000,2.70210000,933.02140000,92.93300000,37.17320000,1,1,'2026-05-08 12:20:39'),
(188,930.31930000,841.98590000,4.59960000,934.91890000,92.93300000,37.17320000,1,1,'2026-05-08 12:25:40'),
(189,937.46820000,937.46820000,0.00000000,937.46820000,0.00000000,0.00000000,0,1,'2026-05-08 12:30:40'),
(190,937.46820000,937.46820000,0.00000000,937.46820000,0.00000000,0.00000000,0,1,'2026-05-08 12:35:41'),
(191,913.48530000,913.48530000,0.00000000,913.48530000,0.00000000,0.00000000,0,1,'2026-05-08 12:40:41'),
(192,913.48530000,913.48530000,0.00000000,913.48530000,0.00000000,0.00000000,0,1,'2026-05-08 12:45:42'),
(193,913.48530000,913.48530000,0.00000000,913.48530000,0.00000000,0.00000000,0,1,'2026-05-08 12:50:42'),
(194,913.48530000,913.48530000,0.00000000,913.48530000,0.00000000,0.00000000,0,1,'2026-05-08 12:55:43'),
(195,913.48530000,913.48530000,0.00000000,913.48530000,0.00000000,0.00000000,0,1,'2026-05-08 13:00:43'),
(196,913.48530000,913.48530000,0.00000000,913.48530000,0.00000000,0.00000000,0,1,'2026-05-08 13:05:44'),
(197,913.48530000,913.48530000,0.00000000,913.48530000,0.00000000,0.00000000,0,1,'2026-05-08 13:10:44'),
(198,913.48530000,913.48530000,0.00000000,913.48530000,0.00000000,0.00000000,0,1,'2026-05-08 13:15:45'),
(199,913.48530000,913.48530000,0.00000000,913.48530000,0.00000000,0.00000000,0,1,'2026-05-08 13:20:46'),
(200,913.48530000,913.48530000,0.00000000,913.48530000,0.00000000,0.00000000,0,1,'2026-05-08 13:25:46'),
(201,913.48530000,913.48530000,0.00000000,913.48530000,0.00000000,0.00000000,0,1,'2026-05-08 13:30:47'),
(202,913.48530000,913.48530000,0.00000000,913.48530000,0.00000000,0.00000000,0,1,'2026-05-08 13:35:47'),
(203,913.48530000,913.48530000,0.00000000,913.48530000,0.00000000,0.00000000,0,1,'2026-05-08 13:40:48'),
(204,913.48530000,913.48530000,0.00000000,913.48530000,0.00000000,0.00000000,0,1,'2026-05-08 13:45:49'),
(205,913.48530000,913.48530000,0.00000000,913.48530000,0.00000000,0.00000000,0,1,'2026-05-08 13:50:49'),
(206,913.48530000,913.48530000,0.00000000,913.48530000,0.00000000,0.00000000,0,1,'2026-05-08 13:55:50'),
(207,913.48530000,913.48530000,0.00000000,913.48530000,0.00000000,0.00000000,0,1,'2026-05-08 14:00:50'),
(208,914.47140000,815.58600000,-7.53640000,906.93500000,91.34900000,36.53960000,1,1,'2026-05-08 14:05:51'),
(209,914.47140000,812.10670000,-11.01570000,903.45570000,91.34900000,36.53960000,1,1,'2026-05-08 14:10:51'),
(210,914.47140000,815.98750000,-7.13490000,907.33650000,91.34900000,36.53960000,1,1,'2026-05-08 14:15:52'),
(211,914.47140000,808.35970000,-14.76270000,899.70870000,91.34900000,36.53960000,1,1,'2026-05-08 14:20:53'),
(212,914.47140000,803.40840000,-19.71400000,894.75740000,91.34900000,36.53960000,1,1,'2026-05-08 14:25:53'),
(213,914.47140000,803.54220000,-19.58020000,894.89120000,91.34900000,36.53960000,1,1,'2026-05-08 14:30:54'),
(214,914.47140000,802.07020000,-21.05220000,893.41920000,91.34900000,36.53960000,1,1,'2026-05-08 14:35:54'),
(215,915.16550000,714.23490000,-18.13460000,897.03090000,182.79600000,73.11840000,2,1,'2026-05-08 14:40:55'),
(216,915.16550000,703.37580000,-28.99370000,886.17180000,182.79600000,73.11840000,2,1,'2026-05-08 14:45:56'),
(217,915.16550000,707.41080000,-24.95870000,890.20680000,182.79600000,73.11840000,2,1,'2026-05-08 14:50:56'),
(218,891.60570000,793.79090000,-6.46580000,885.13990000,91.34900000,36.53960000,1,1,'2026-05-08 14:55:57'),
(219,891.60570000,799.67890000,-0.57780000,891.02790000,91.34900000,36.53960000,1,1,'2026-05-08 15:00:57'),
(220,891.60570000,802.62300000,2.36630000,893.97200000,91.34900000,36.53960000,1,1,'2026-05-08 15:05:58'),
(221,891.70510000,715.01070000,3.81560000,895.52070000,180.51000000,72.20400000,2,1,'2026-05-08 15:10:59'),
(222,891.70510000,724.95570000,13.76060000,905.46570000,180.51000000,72.20400000,2,1,'2026-05-08 15:25:49'),
(223,891.70510000,731.26720000,20.07210000,911.77720000,180.51000000,72.20400000,2,1,'2026-05-08 15:30:50'),
(224,891.70510000,732.85780000,21.66270000,913.36780000,180.51000000,72.20400000,2,1,'2026-05-08 15:35:50'),
(225,891.70510000,739.30820000,28.11310000,919.81820000,180.51000000,72.20400000,2,1,'2026-05-08 15:40:51'),
(226,913.18400000,826.27010000,2.24710000,915.43110000,89.16100000,35.66440000,1,1,'2026-05-08 15:45:51'),
(227,890.35700000,890.35700000,0.00000000,890.35700000,0.00000000,0.00000000,0,1,'2026-05-08 16:15:27'),
(228,890.35700000,890.35700000,0.00000000,890.35700000,0.00000000,0.00000000,0,1,'2026-05-08 16:20:28'),
(229,890.35700000,890.35700000,0.00000000,890.35700000,0.00000000,0.00000000,0,1,'2026-05-08 16:25:28'),
(230,890.35700000,890.35700000,0.00000000,890.35700000,0.00000000,0.00000000,0,1,'2026-05-08 16:30:29'),
(231,890.35700000,890.35700000,0.00000000,890.35700000,0.00000000,0.00000000,0,1,'2026-05-08 16:35:30'),
(232,890.35700000,890.35700000,0.00000000,890.35700000,0.00000000,0.00000000,0,1,'2026-05-08 16:40:30'),
(233,890.35700000,890.35700000,0.00000000,890.35700000,0.00000000,0.00000000,0,1,'2026-05-08 16:45:31'),
(234,890.35700000,890.35700000,0.00000000,890.35700000,0.00000000,0.00000000,0,1,'2026-05-08 16:50:31'),
(235,890.35700000,890.35700000,0.00000000,890.35700000,0.00000000,0.00000000,0,1,'2026-05-08 16:55:32'),
(236,890.35700000,890.35700000,0.00000000,890.35700000,0.00000000,0.00000000,0,1,'2026-05-08 17:00:00'),
(237,890.35700000,890.35700000,0.00000000,890.35700000,0.00000000,0.00000000,0,1,'2026-05-08 17:05:00'),
(238,890.35700000,890.35700000,0.00000000,890.35700000,0.00000000,0.00000000,0,1,'2026-05-08 17:10:01'),
(239,890.35700000,890.35700000,0.00000000,890.35700000,0.00000000,0.00000000,0,1,'2026-05-08 17:15:01'),
(240,890.35700000,890.35700000,0.00000000,890.35700000,0.00000000,0.00000000,0,1,'2026-05-08 17:20:02'),
(241,890.35700000,890.35700000,0.00000000,890.35700000,0.00000000,0.00000000,0,1,'2026-05-08 17:25:03'),
(242,890.35700000,890.35700000,0.00000000,890.35700000,0.00000000,0.00000000,0,1,'2026-05-08 17:30:03'),
(243,890.40150000,805.06910000,3.70360000,894.10510000,89.03600000,35.61440000,1,1,'2026-05-08 17:35:32'),
(244,901.59780000,822.48280000,9.92500000,911.52280000,89.04000000,35.61600000,1,1,'2026-05-08 18:45:31'),
(245,901.59780000,820.43900000,7.88120000,909.47900000,89.04000000,35.61600000,1,1,'2026-05-08 18:50:31'),
(246,906.96900000,906.96900000,0.00000000,906.96900000,0.00000000,0.00000000,0,1,'2026-05-08 18:55:32'),
(247,906.96900000,906.96900000,0.00000000,906.96900000,0.00000000,0.00000000,0,1,'2026-05-08 19:00:32'),
(248,906.96900000,906.96900000,0.00000000,906.96900000,0.00000000,0.00000000,0,1,'2026-05-08 19:05:33'),
(249,906.96900000,906.96900000,0.00000000,906.96900000,0.00000000,0.00000000,0,1,'2026-05-08 19:10:33'),
(250,906.96900000,906.96900000,0.00000000,906.96900000,0.00000000,0.00000000,0,1,'2026-05-08 19:15:34'),
(251,906.96900000,906.96900000,0.00000000,906.96900000,0.00000000,0.00000000,0,1,'2026-05-08 19:20:35'),
(252,906.96900000,906.96900000,0.00000000,906.96900000,0.00000000,0.00000000,0,1,'2026-05-08 19:25:35'),
(253,906.96900000,906.96900000,0.00000000,906.96900000,0.00000000,0.00000000,0,1,'2026-05-08 19:30:36'),
(254,906.96900000,906.96900000,0.00000000,906.96900000,0.00000000,0.00000000,0,1,'2026-05-08 19:35:36'),
(255,906.96900000,906.96900000,0.00000000,906.96900000,0.00000000,0.00000000,0,1,'2026-05-08 19:40:37'),
(256,906.96900000,906.96900000,0.00000000,906.96900000,0.00000000,0.00000000,0,1,'2026-05-08 19:45:37'),
(257,907.01440000,816.88960000,0.57220000,907.58660000,90.69700000,36.27880000,1,1,'2026-05-08 20:05:47'),
(258,907.01440000,823.56550000,7.24810000,914.26250000,90.69700000,36.27880000,1,1,'2026-05-08 20:10:47'),
(259,907.01440000,820.70440000,4.38700000,911.40140000,90.69700000,36.27880000,1,1,'2026-05-08 20:15:48'),
(260,907.01440000,822.13500000,5.81760000,912.83200000,90.69700000,36.27880000,1,1,'2026-05-08 20:20:48'),
(261,907.01440000,819.75070000,3.43330000,910.44770000,90.69700000,36.27880000,1,1,'2026-05-08 20:25:49'),
(262,907.01440000,820.22760000,3.91020000,910.92460000,90.69700000,36.27880000,1,1,'2026-05-08 20:30:49'),
(263,907.01440000,820.22760000,3.91020000,910.92460000,90.69700000,36.27880000,1,1,'2026-05-08 20:35:50'),
(264,907.01440000,819.75070000,3.43330000,910.44770000,90.69700000,36.27880000,1,1,'2026-05-08 20:40:50'),
(265,907.15430000,724.15050000,-1.60580000,905.54850000,181.39800000,72.55920000,2,1,'2026-05-08 20:45:51'),
(266,907.15430000,728.94400000,3.18770000,910.34200000,181.39800000,72.55920000,2,1,'2026-05-08 20:50:51'),
(267,907.15430000,728.80350000,3.04720000,910.20150000,181.39800000,72.55920000,2,1,'2026-05-08 20:55:51'),
(268,907.15430000,727.06680000,1.31050000,908.46480000,181.39800000,72.55920000,2,1,'2026-05-08 21:00:52'),
(269,907.15430000,726.92620000,1.16990000,908.32420000,181.39800000,72.55920000,2,1,'2026-05-08 21:05:52'),
(270,907.15430000,719.75350000,-6.00280000,901.15150000,181.39800000,72.55920000,2,1,'2026-05-08 21:25:12'),
(271,907.15430000,712.32480000,-13.43150000,893.72280000,181.39800000,72.55920000,2,1,'2026-05-08 21:30:12'),
(272,907.15430000,708.28920000,-17.46710000,889.68720000,181.39800000,72.55920000,2,1,'2026-05-08 21:35:13'),
(273,883.78540000,795.09120000,2.00280000,885.78820000,90.69700000,36.27880000,1,1,'2026-05-08 21:40:13'),
(274,883.78540000,796.04490000,2.95650000,886.74190000,90.69700000,36.27880000,1,1,'2026-05-08 21:45:14'),
(275,883.78540000,795.56800000,2.47960000,886.26500000,90.69700000,36.27880000,1,1,'2026-05-08 21:50:14'),
(276,883.78540000,795.56800000,2.47960000,886.26500000,90.69700000,36.27880000,1,1,'2026-05-08 21:55:15'),
(277,883.78540000,793.18380000,0.09540000,883.88080000,90.69700000,36.27880000,1,1,'2026-05-08 22:00:15'),
(278,883.78540000,794.13750000,1.04910000,884.83450000,90.69700000,36.27880000,1,1,'2026-05-08 22:05:16'),
(279,883.78540000,793.66060000,0.57220000,884.35760000,90.69700000,36.27880000,1,1,'2026-05-08 22:10:16'),
(280,883.78540000,795.56800000,2.47960000,886.26500000,90.69700000,36.27880000,1,1,'2026-05-08 22:15:17'),
(281,883.78540000,796.04490000,2.95650000,886.74190000,90.69700000,36.27880000,1,1,'2026-05-08 22:20:17'),
(282,883.78540000,796.52170000,3.43330000,887.21870000,90.69700000,36.27880000,1,1,'2026-05-08 22:45:50'),
(283,883.78540000,795.56800000,2.47960000,886.26500000,90.69700000,36.27880000,1,1,'2026-05-08 22:50:50'),
(284,883.78540000,795.09120000,2.00280000,885.78820000,90.69700000,36.27880000,1,1,'2026-05-08 22:55:51'),
(285,883.78540000,796.04490000,2.95650000,886.74190000,90.69700000,36.27880000,1,1,'2026-05-08 23:00:51'),
(286,883.78540000,795.56800000,2.47960000,886.26500000,90.69700000,36.27880000,1,1,'2026-05-08 23:05:52'),
(287,883.78540000,793.66060000,0.57220000,884.35760000,90.69700000,36.27880000,1,1,'2026-05-08 23:10:52'),
(288,883.78540000,792.70690000,-0.38150000,883.40390000,90.69700000,36.27880000,1,1,'2026-05-08 23:15:53'),
(289,883.78540000,789.36900000,-3.71940000,880.06600000,90.69700000,36.27880000,1,1,'2026-05-08 23:20:53'),
(290,883.78540000,791.75320000,-1.33520000,882.45020000,90.69700000,36.27880000,1,1,'2026-05-08 23:25:54'),
(291,883.78540000,793.18380000,0.09540000,883.88080000,90.69700000,36.27880000,1,1,'2026-05-08 23:30:54'),
(292,883.78540000,797.47540000,4.38700000,888.17240000,90.69700000,36.27880000,1,1,'2026-05-08 23:35:55'),
(293,883.78540000,797.95230000,4.86390000,888.64930000,90.69700000,36.27880000,1,1,'2026-05-08 23:40:55'),
(294,883.76500000,794.59390000,1.52590000,885.29090000,90.69700000,36.27880000,1,1,'2026-05-09 00:00:46'),
(295,883.76500000,797.93190000,4.86390000,888.62890000,90.69700000,36.27880000,1,1,'2026-05-09 00:05:47'),
(296,883.90840000,709.27350000,4.43910000,888.34750000,179.07400000,71.62960000,2,1,'2026-05-09 00:10:47'),
(297,883.90840000,698.91480000,-5.91960000,877.98880000,179.07400000,71.62960000,2,1,'2026-05-09 00:15:48'),
(298,883.90840000,703.40280000,-1.43160000,882.47680000,179.07400000,71.62960000,2,1,'2026-05-09 00:20:48'),
(299,883.90840000,689.66660000,-15.16780000,868.74060000,179.07400000,71.62960000,2,1,'2026-05-09 00:25:49'),
(300,861.13980000,772.92240000,2.47960000,863.61940000,90.69700000,36.27880000,1,1,'2026-05-09 00:30:49'),
(301,861.13980000,764.33910000,-6.10370000,855.03610000,90.69700000,36.27880000,1,1,'2026-05-09 00:35:50'),
(302,861.69420000,596.22330000,-2.51190000,859.18230000,262.95900000,105.18360000,3,1,'2026-05-09 00:40:50'),
(303,870.73520000,699.02980000,5.10560000,875.84080000,176.81100000,70.72440000,2,1,'2026-05-09 00:45:51'),
(304,884.42530000,782.85610000,-10.87220000,873.55310000,90.69700000,36.27880000,1,1,'2026-05-09 00:50:51'),
(305,884.70120000,696.35830000,-9.20290000,875.49830000,179.14000000,71.65600000,2,1,'2026-05-09 00:55:52'),
(306,884.70120000,694.85230000,-10.70890000,873.99230000,179.14000000,71.65600000,2,1,'2026-05-09 01:00:52'),
(307,884.74540000,600.60970000,-16.52570000,868.21970000,267.61000000,107.04400000,3,1,'2026-05-09 01:05:53'),
(308,890.45130000,678.36440000,-32.94690000,857.50440000,179.14000000,71.65600000,2,1,'2026-05-09 01:10:54'),
(309,867.73840000,767.12290000,-9.91850000,857.81990000,90.69700000,36.27880000,1,1,'2026-05-09 01:15:54'),
(310,867.73840000,770.46090000,-6.58050000,861.15790000,90.69700000,36.27880000,1,1,'2026-05-09 01:20:55'),
(311,867.73840000,770.93770000,-6.10370000,861.63470000,90.69700000,36.27880000,1,1,'2026-05-09 01:25:55'),
(312,867.73840000,771.41460000,-5.62680000,862.11160000,90.69700000,36.27880000,1,1,'2026-05-09 01:30:56'),
(313,867.73840000,768.07660000,-8.96480000,858.77360000,90.69700000,36.27880000,1,1,'2026-05-09 01:35:56'),
(314,867.73840000,767.59980000,-9.44160000,858.29680000,90.69700000,36.27880000,1,1,'2026-05-09 01:40:57'),
(315,867.73840000,770.93770000,-6.10370000,861.63470000,90.69700000,36.27880000,1,1,'2026-05-09 01:45:57'),
(316,867.73840000,770.93770000,-6.10370000,861.63470000,90.69700000,36.27880000,1,1,'2026-05-09 01:50:58'),
(317,867.73840000,769.03030000,-8.01110000,859.72730000,90.69700000,36.27880000,1,1,'2026-05-09 01:55:58'),
(318,868.29770000,684.79990000,-6.02680000,862.27090000,177.47100000,70.98840000,2,1,'2026-05-09 02:00:59'),
(319,868.29770000,688.39750000,-2.42920000,865.86850000,177.47100000,70.98840000,2,1,'2026-05-09 02:05:59'),
(320,868.29770000,688.90960000,-1.91710000,866.38060000,177.47100000,70.98840000,2,1,'2026-05-09 02:10:00'),
(321,876.81350000,769.04520000,-17.07130000,859.74220000,90.69700000,36.27880000,1,1,'2026-05-09 02:15:00'),
(322,876.81350000,770.47580000,-15.64070000,861.17280000,90.69700000,36.27880000,1,1,'2026-05-09 02:20:01'),
(323,876.81350000,773.33690000,-12.77960000,864.03390000,90.69700000,36.27880000,1,1,'2026-05-09 02:25:01'),
(324,876.81350000,773.33690000,-12.77960000,864.03390000,90.69700000,36.27880000,1,1,'2026-05-09 02:30:02'),
(325,876.81350000,773.81380000,-12.30270000,864.51080000,90.69700000,36.27880000,1,1,'2026-05-09 02:35:02'),
(326,876.81350000,773.81380000,-12.30270000,864.51080000,90.69700000,36.27880000,1,1,'2026-05-09 02:40:03'),
(327,876.81350000,770.95270000,-15.16380000,861.64970000,90.69700000,36.27880000,1,1,'2026-05-09 02:45:04'),
(328,876.81350000,681.36420000,-17.07130000,859.74220000,178.37800000,71.35120000,2,1,'2026-05-09 02:50:04'),
(329,877.42540000,677.20470000,-21.84270000,855.58270000,178.37800000,71.35120000,2,1,'2026-05-09 02:55:05'),
(330,877.42540000,670.88910000,-28.15830000,849.26710000,178.37800000,71.35120000,2,1,'2026-05-09 03:00:05'),
(331,877.37700000,582.63860000,-28.61740000,848.75960000,266.12100000,106.44840000,3,1,'2026-05-09 03:05:06'),
(332,877.37700000,589.18680000,-22.06920000,855.30780000,266.12100000,106.44840000,3,1,'2026-05-09 03:10:06'),
(333,877.37700000,595.06480000,-16.19120000,861.18580000,266.12100000,106.44840000,3,1,'2026-05-09 03:15:07'),
(334,877.37700000,606.59350000,-4.66250000,872.71450000,266.12100000,106.44840000,3,1,'2026-05-09 03:20:07'),
(335,911.21550000,805.83150000,-14.68700000,896.52850000,90.69700000,36.27880000,1,1,'2026-05-09 03:25:08'),
(336,911.21550000,802.97040000,-17.54810000,893.66740000,90.69700000,36.27880000,1,1,'2026-05-09 03:30:08'),
(337,911.21550000,806.78520000,-13.73330000,897.48220000,90.69700000,36.27880000,1,1,'2026-05-09 03:35:09'),
(338,911.21550000,811.55370000,-8.96480000,902.25070000,90.69700000,36.27880000,1,1,'2026-05-09 03:40:10'),
(339,903.95140000,903.95140000,0.00000000,903.95140000,0.00000000,0.00000000,0,1,'2026-05-09 04:00:17'),
(340,903.95140000,903.95140000,0.00000000,903.95140000,0.00000000,0.00000000,0,1,'2026-05-09 04:05:17'),
(341,903.95140000,903.95140000,0.00000000,903.95140000,0.00000000,0.00000000,0,1,'2026-05-09 04:10:18'),
(342,903.95140000,813.55640000,0.00000000,903.95140000,90.39500000,36.15800000,1,1,'2026-05-09 04:15:18'),
(343,903.99660000,808.24010000,-5.36150000,898.63510000,90.39500000,36.15800000,1,1,'2026-05-09 04:20:19'),
(344,904.04180000,706.90870000,-16.33810000,887.70370000,180.79500000,72.31800000,2,1,'2026-05-09 04:25:19'),
(345,880.75030000,788.81020000,-1.54510000,879.20520000,90.39500000,36.15800000,1,1,'2026-05-09 04:30:20'),
(346,880.75030000,784.99380000,-5.36150000,875.38880000,90.39500000,36.15800000,1,1,'2026-05-09 04:35:20'),
(347,880.75030000,787.17460000,-3.18070000,877.56960000,90.39500000,36.15800000,1,1,'2026-05-09 04:40:21'),
(348,880.75030000,789.35540000,-0.99990000,879.75040000,90.39500000,36.15800000,1,1,'2026-05-09 04:45:22'),
(349,880.75030000,791.53620000,1.18090000,881.93120000,90.39500000,36.15800000,1,1,'2026-05-09 05:55:16'),
(350,880.75030000,700.73520000,-1.54510000,879.20520000,178.47000000,71.38800000,2,1,'2026-05-09 06:00:17'),
(351,880.79430000,698.47250000,-3.85180000,876.94250000,178.47000000,71.38800000,2,1,'2026-05-09 06:05:17'),
(352,880.96280000,597.04810000,-17.36570000,863.59710000,266.54900000,106.61960000,3,1,'2026-05-09 06:10:18'),
(353,880.96280000,587.83920000,-26.57460000,854.38820000,266.54900000,106.61960000,3,1,'2026-05-09 06:15:19'),
(354,880.96280000,588.06800000,-26.34580000,854.61700000,266.54900000,106.61960000,3,1,'2026-05-09 06:20:19'),
(355,880.96280000,574.58050000,-39.83330000,841.12950000,266.54900000,106.61960000,3,1,'2026-05-09 06:25:20'),
(356,880.96280000,567.10840000,-47.30540000,833.65740000,266.54900000,106.61960000,3,1,'2026-05-09 06:30:20'),
(357,857.67280000,660.21570000,-21.30310000,836.36970000,176.15400000,70.46160000,2,1,'2026-05-09 06:35:21'),
(358,857.67280000,667.40120000,-14.11760000,843.55520000,176.15400000,70.46160000,2,1,'2026-05-09 06:40:21'),
(359,857.67280000,670.93920000,-10.57960000,847.09320000,176.15400000,70.46160000,2,1,'2026-05-09 06:45:22'),
(360,857.67280000,677.10970000,-4.40910000,853.26370000,176.15400000,70.46160000,2,1,'2026-05-09 06:50:22'),
(361,857.67280000,676.90660000,-4.61220000,853.06060000,176.15400000,70.46160000,2,1,'2026-05-09 06:55:23'),
(362,857.67280000,679.09630000,-2.42250000,855.25030000,176.15400000,70.46160000,2,1,'2026-05-09 07:00:23'),
(363,857.67280000,677.59900000,-3.91980000,853.75300000,176.15400000,70.46160000,2,1,'2026-05-09 07:05:24'),
(364,857.67280000,684.32690000,2.80810000,860.48090000,176.15400000,70.46160000,2,1,'2026-05-09 07:10:25'),
(365,857.67280000,679.81190000,-1.70690000,855.96590000,176.15400000,70.46160000,2,1,'2026-05-09 07:15:25'),
(366,857.67280000,668.87270000,-12.64610000,845.02670000,176.15400000,70.46160000,2,1,'2026-05-09 07:20:26'),
(367,857.79620000,630.00810000,34.13290000,891.92910000,261.92100000,104.76840000,3,1,'2026-05-09 08:30:20'),
(368,894.45540000,714.86160000,-3.43980000,891.01560000,176.15400000,70.46160000,2,1,'2026-05-09 08:35:20'),
(369,894.45540000,712.36330000,-5.93810000,888.51730000,176.15400000,70.46160000,2,1,'2026-05-09 08:40:21'),
(370,894.45540000,711.84640000,-6.45500000,888.00040000,176.15400000,70.46160000,2,1,'2026-05-09 08:45:21'),
(371,894.45540000,718.42030000,0.11890000,894.57430000,176.15400000,70.46160000,2,1,'2026-05-09 08:50:22'),
(372,894.45540000,714.89080000,-3.41060000,891.04480000,176.15400000,70.46160000,2,1,'2026-05-09 08:55:22'),
(373,894.45540000,715.71130000,-2.59010000,891.86530000,176.15400000,70.46160000,2,1,'2026-05-09 09:00:23'),
(374,894.45540000,717.67470000,-0.62670000,893.82870000,176.15400000,70.46160000,2,1,'2026-05-09 09:05:23'),
(375,894.45540000,722.98690000,4.68550000,899.14090000,176.15400000,70.46160000,2,1,'2026-05-09 09:10:24'),
(376,894.45540000,724.63640000,6.33500000,900.79040000,176.15400000,70.46160000,2,1,'2026-05-09 09:15:25'),
(377,894.45540000,735.58790000,17.28650000,911.74190000,176.15400000,70.46160000,2,1,'2026-05-09 09:20:25'),
(378,894.45540000,732.56930000,14.26790000,908.72330000,176.15400000,70.46160000,2,1,'2026-05-09 09:25:26'),
(379,894.45540000,731.22850000,12.92710000,907.38250000,176.15400000,70.46160000,2,1,'2026-05-09 09:30:26'),
(380,894.45540000,734.94290000,16.64150000,911.09690000,176.15400000,70.46160000,2,1,'2026-05-09 09:35:27'),
(381,906.27060000,820.73060000,2.53900000,908.80960000,88.07900000,35.23160000,1,1,'2026-05-09 09:40:27'),
(382,906.27060000,820.05980000,1.86820000,908.13880000,88.07900000,35.23160000,1,1,'2026-05-09 09:45:28'),
(383,906.70190000,643.31350000,5.98760000,912.68950000,269.37600000,107.75040000,3,1,'2026-05-09 09:50:28'),
(384,906.79700000,645.45350000,8.03250000,914.82950000,269.37600000,107.75040000,3,1,'2026-05-09 09:55:29'),
(385,906.79700000,647.95870000,10.53770000,917.33470000,269.37600000,107.75040000,3,1,'2026-05-09 10:00:29'),
(386,906.79700000,656.74240000,19.32140000,926.11840000,269.37600000,107.75040000,3,1,'2026-05-09 10:05:30'),
(387,906.79700000,648.72010000,11.29910000,918.09610000,269.37600000,107.75040000,3,1,'2026-05-09 10:10:31'),
(388,906.84230000,543.16420000,-3.62210000,903.22020000,360.05600000,144.02240000,4,1,'2026-05-09 10:15:31'),
(389,890.28430000,715.18660000,6.19930000,896.48360000,181.29700000,72.51880000,2,1,'2026-05-09 10:20:32'),
(390,895.41470000,807.40570000,2.61800000,898.03270000,90.62700000,36.25080000,1,1,'2026-05-09 10:25:32'),
(391,895.41470000,807.94730000,3.15960000,898.57430000,90.62700000,36.25080000,1,1,'2026-05-09 10:30:33'),
(392,895.45950000,713.28450000,-2.00700000,893.45250000,180.16800000,72.06720000,2,1,'2026-05-09 10:35:33'),
(393,872.10970000,788.19650000,5.62780000,877.73750000,89.54100000,35.81640000,1,1,'2026-05-09 10:40:34'),
(394,872.10970000,787.27340000,4.70470000,876.81440000,89.54100000,35.81640000,1,1,'2026-05-09 10:45:34'),
(395,880.97070000,880.97070000,0.00000000,880.97070000,0.00000000,0.00000000,0,1,'2026-05-09 10:50:35'),
(396,880.97070000,880.97070000,0.00000000,880.97070000,0.00000000,0.00000000,0,1,'2026-05-09 10:55:35'),
(397,880.97070000,880.97070000,0.00000000,880.97070000,0.00000000,0.00000000,0,1,'2026-05-09 11:00:36'),
(398,880.97070000,880.97070000,0.00000000,880.97070000,0.00000000,0.00000000,0,1,'2026-05-09 11:05:37'),
(399,880.97070000,880.97070000,0.00000000,880.97070000,0.00000000,0.00000000,0,1,'2026-05-09 11:10:37'),
(400,880.97070000,880.97070000,0.00000000,880.97070000,0.00000000,0.00000000,0,1,'2026-05-09 11:15:38'),
(401,880.97070000,880.97070000,0.00000000,880.97070000,0.00000000,0.00000000,0,1,'2026-05-09 11:20:38'),
(402,881.29410000,794.62820000,1.43110000,882.72520000,88.09700000,35.23880000,1,1,'2026-05-09 11:25:39'),
(403,881.29410000,793.55380000,0.35670000,881.65080000,88.09700000,35.23880000,1,1,'2026-05-09 11:30:39'),
(404,881.29410000,787.84610000,-5.35100000,875.94310000,88.09700000,35.23880000,1,1,'2026-05-09 11:50:05'),
(405,881.29410000,787.98040000,-5.21670000,876.07740000,88.09700000,35.23880000,1,1,'2026-05-09 11:55:05'),
(406,881.29410000,792.34510000,-0.85200000,880.44210000,88.09700000,35.23880000,1,1,'2026-05-09 12:00:06'),
(407,881.29410000,789.32340000,-3.87370000,877.42040000,88.09700000,35.23880000,1,1,'2026-05-09 12:05:06'),
(408,881.29300000,711.62280000,6.55580000,887.84880000,176.22600000,70.49040000,2,1,'2026-05-09 12:10:07'),
(409,898.39620000,723.04730000,2.54810000,900.94430000,177.89700000,71.15880000,2,1,'2026-05-09 12:15:08'),
(410,898.44110000,651.62630000,20.92220000,919.36330000,267.73700000,107.09480000,3,1,'2026-05-09 12:20:08'),
(411,919.19840000,723.72670000,-17.53470000,901.66370000,177.93700000,71.17480000,2,1,'2026-05-09 12:25:09'),
(412,919.19840000,729.43260000,-11.82880000,907.36960000,177.93700000,71.17480000,2,1,'2026-05-09 12:30:09'),
(413,919.19840000,729.11840000,-12.14300000,907.05540000,177.93700000,71.17480000,2,1,'2026-05-09 12:35:10');
/*!40000 ALTER TABLE `balance_snapshots` ENABLE KEYS */;
UNLOCK TABLES;
COMMIT;
SET AUTOCOMMIT=@OLD_AUTOCOMMIT;
/*!40103 SET TIME_ZONE=@OLD_TIME_ZONE */;

/*!40101 SET SQL_MODE=@OLD_SQL_MODE */;
/*!40014 SET FOREIGN_KEY_CHECKS=@OLD_FOREIGN_KEY_CHECKS */;
/*!40014 SET UNIQUE_CHECKS=@OLD_UNIQUE_CHECKS */;
/*!40101 SET CHARACTER_SET_CLIENT=@OLD_CHARACTER_SET_CLIENT */;
/*!40101 SET CHARACTER_SET_RESULTS=@OLD_CHARACTER_SET_RESULTS */;
/*!40101 SET COLLATION_CONNECTION=@OLD_COLLATION_CONNECTION */;
/*M!100616 SET NOTE_VERBOSITY=@OLD_NOTE_VERBOSITY */;

-- Dump completed on 2026-05-09 12:36:27
